datetime,y_true,y_pred,lower,upper
2017-01-01 00:00:00,485.0,460.7964838513876,422.8950149402043,498.69795276257094
2017-01-01 01:00:00,477.0,442.7902042302924,383.06998523665607,502.5104232239287
2017-01-01 02:00:00,454.0,425.6856141987921,351.185256292328,500.1859721052562
2017-01-01 03:00:00,418.0,409.8424753359567,324.4257620660741,495.25918860583926
2017-01-01 04:00:00,438.0,394.72975993370414,300.47229143090215,488.98722843650614
2017-01-01 05:00:00,453.0,380.31379294592216,278.6779943076425,481.9495915842018
2017-01-01 06:00:00,433.0,366.5624518625159,258.65044945354134,474.47445427149046
2017-01-01 07:00:00,416.0,353.4450951321319,240.12390070338128,466.76628956088246
2017-01-01 08:00:00,421.0,340.93249388484116,222.90458954801485,458.96039822166745
2017-01-01 09:00:00,424.0,328.99676680264264,206.84362398384587,451.1499096214394
2017-01-01 10:00:00,413.0,317.6113179926622,191.82204422712823,443.40059175819613
2017-01-01 11:00:00,425.0,306.75077772461105,177.74194268546847,435.75961276375364
2017-01-01 12:00:00,381.0,296.39094590045283,164.52085661423794,428.26103518666775
2017-01-01 13:00:00,466.0,286.5087381303139,152.08805167724444,420.9294245833833
2017-01-01 14:00:00,542.0,277.08213429448085,140.3819582747948,413.7823103141669
2017-01-01 15:00:00,568.0,268.0901294768679,129.34834248221722,406.8319164715186
2017-01-01 16:00:00,568.0,259.51268716062043,118.938962919157,400.08641140208385
2017-01-01 17:00:00,543.0,251.33069458156368,109.11055947915725,393.5508296839701
2017-01-01 18:00:00,522.0,243.525920140011,99.8240750624552,387.2277652175668
2017-01-01 19:00:00,487.0,236.08097277603576,91.04404492753298,381.11790062453855
2017-01-01 20:00:00,475.0,228.979263217683,82.73810925081901,375.22041718454705
2017-01-01 21:00:00,459.0,222.20496701577278,74.87661801217772,369.5333160193678
2017-01-01 22:00:00,453.0,215.74298928292677,67.43230627593752,364.053672289916
2017-01-01 23:00:00,417.0,209.57893105824758,60.38002399791176,358.7778381185834
2017-01-02 00:00:00,395.0,203.69905722270266,53.696508677002726,353.7016057684026
2017-01-02 01:00:00,420.0,198.09026589371985,47.3601921181716,348.8203396692681
2017-01-02 02:00:00,453.0,192.74005923079795,41.35103468410185,344.1290837774941
2017-01-02 03:00:00,429.0,187.63651558707937,35.650381947150805,339.62264922700797
2017-01-02 04:00:00,211.0,182.7682629448318,30.240839784352573,335.295686105311
2017-01-02 05:00:00,116.0,178.12445357564567,25.10616480311063,331.1427423481807
2017-01-02 06:00:00,51.0,173.69473986888443,20.231167623894294,327.15831211387456
2017-01-02 07:00:00,38.0,169.46925127452647,15.601627034475712,323.33687551457723
2017-01-02 08:00:00,21.0,165.4385723090221,11.204213407368286,319.6729312106759
2017-01-02 09:00:00,16.0,161.59372157515608,7.026420066288324,316.16102308402384
2017-01-02 10:00:00,23.0,157.92613174916755,3.0565015190259714,312.79576197930913
2017-01-02 11:00:00,18.0,154.42763049053235,-0.7165823420216668,309.57184332308634
2017-01-02 12:00:00,58.0,151.09042223187078,-4.303216823208544,306.4840612869501
2017-01-02 13:00:00,176.0,147.90707080840338,-7.713178429693187,303.52732004649994
2017-01-02 14:00:00,109.0,144.87048288824872,-10.955676818483056,300.6966425949805
2017-01-02 15:00:00,267.0,141.97389216664203,-14.039393161777951,297.98717749506204
2017-01-02 16:00:00,260.0,139.2108442888547,-16.972515312845104,295.39420389055454
2017-01-02 17:00:00,212.0,136.57518246821945,-19.762770112694483,292.9131350491334
2017-01-02 18:00:00,183.0,134.0610337672142,-22.41745313080466,290.5395206652331
2017-01-02 19:00:00,136.0,131.66279601103545,-24.94345609537058,288.26904811744146
2017-01-02 20:00:00,137.0,129.37512530450095,-27.347292236662383,286.0975428456643
2017-01-02 21:00:00,125.0,127.19292412446671,-29.63511974003532,284.0209679889688
2017-01-02 22:00:00,153.0,125.1113299612243,-31.812763482063133,282.03542340451173
2017-01-02 23:00:00,165.0,123.12570448356927,-33.88573520349506,280.1371441706336
2017-01-03 00:00:00,225.0,121.23162320339725,-35.859252255714466,278.32249866250896
2017-01-03 01:00:00,275.0,119.42486561679794,-37.73825504265005,276.58798627624594
2017-01-03 02:00:00,293.0,117.70140579967878,-39.527423267298445,274.930234866656
2017-01-03 03:00:00,293.0,116.05740343696272,-41.231191080858224,273.3459979547837
2017-01-03 04:00:00,287.0,114.48919526537111,-42.853761222702474,271.8321517534447
2017-01-03 05:00:00,305.0,112.99328691072395,-44.39911823082704,270.385692052275
2017-01-03 06:00:00,304.0,111.56634510156857,-45.871040794835494,269.00373099797264
2017-01-03 07:00:00,266.0,110.20519024178711,-47.27311331681287,267.68349380038705
2017-01-03 08:00:00,240.0,108.9067893256325,-48.608736739487426,266.42231539075243
2017-01-03 09:00:00,237.0,107.66824917940565,-49.881138695774354,265.2176370545857
2017-01-03 10:00:00,232.0,106.48681001471472,-51.09338302906018,264.0670030584896
2017-01-03 11:00:00,155.0,105.35983927895145,-52.24837872934276,262.96805728724564
2017-01-03 12:00:00,167.0,104.28482578928183,-53.34888832653505,261.91853990509867
2017-01-03 13:00:00,170.0,103.25937413707987,-54.39753577881166,260.9162840529714
2017-01-03 14:00:00,179.0,102.2811993503366,-55.396813890786575,259.9592125914598
2017-01-03 15:00:00,244.0,101.34812180215029,-56.34909129351446,259.04533489781505
2017-01-03 16:00:00,296.0,100.4580623539528,-57.25661901577875,258.17274372368433
2017-01-03 17:00:00,295.0,99.6090377226502,-58.12153667383002,257.33961211913044
2017-01-03 18:00:00,328.0,98.79915606135405,-58.945878304652624,256.5441904273607
2017-01-03 19:00:00,397.0,98.02661274385632,-59.73157786593397,255.78480335364662
2017-01-03 20:00:00,437.0,97.28968634345452,-60.48047442417874,255.05984711108778
2017-01-03 21:00:00,464.0,96.58673479716694,-61.194317050824,254.36778664515788
2017-01-03 22:00:00,483.0,95.91619174679087,-61.87476944476475,253.7071529383465
2017-01-03 23:00:00,447.0,95.27656304865053,-62.52341429837003,253.0765403956711
2017-01-04 00:00:00,440.0,94.66642344425787,-63.1417574228544,252.47460431137014
2017-01-04 01:00:00,463.0,94.0844133844673,-63.73123164775117,251.90005841668577
2017-01-04 02:00:00,467.0,93.52923600004786,-64.2932005082063,251.35167250830202
2017-01-04 03:00:00,463.0,92.99965421192256,-64.82896173286751,250.82827015671262
2017-01-04 04:00:00,473.0,92.49448797463558,-65.33975054427032,250.32872649354147
2017-01-04 05:00:00,488.0,92.01261164690523,-65.8267427828214,249.85196607663187
2017-01-04 06:00:00,500.0,91.55295148340352,-66.29105786473636,249.3969608315434
2017-01-04 07:00:00,392.0,91.11448324217325,-66.73376158360581,248.9627280679523
2017-01-04 08:00:00,338.0,90.6962299023516,-67.15586876462811,248.54832856933132
2017-01-04 09:00:00,338.0,90.29725948711437,-67.55834577996193,248.15286475419066
2017-01-04 10:00:00,441.0,89.91668298699024,-67.94211293310816,247.77547890708865
2017-01-04 11:00:00,333.0,89.55365237891716,-68.30804671972702,247.41535147756133
2017-01-04 12:00:00,167.0,89.20735873662731,-68.65698197182853,247.07169944508314
2017-01-04 13:00:00,216.0,88.87703042814972,-68.98971389184099,246.74377474814042
2017-01-04 14:00:00,291.0,88.5619313964143,-69.30699998265824,246.43086277548684
2017-01-04 15:00:00,325.0,88.26135951912592,-69.6095618793923,246.13228091764415
2017-01-04 16:00:00,367.0,87.97464504425405,-69.89808708820713,245.8473771767152
2017-01-04 17:00:00,322.0,87.70114909765162,-70.17323063728678,245.57552883259
2017-01-04 18:00:00,298.0,87.4402622594779,-70.43561664468548,245.3161411636413
2017-01-04 19:00:00,304.0,87.1914032062532,-70.6858398075266,245.068646220033
2017-01-04 20:00:00,346.0,86.95401741551943,-70.9244668167532,244.83250164779207
2017-01-04 21:00:00,356.0,86.72757593022048,-71.15203770138605,244.607189561827
2017-01-04 22:00:00,380.0,86.51157418004873,-71.3690671060164,244.39221546611384
2017-01-04 23:00:00,328.0,86.30553085713173,-71.57604550504384,244.18710721930728
2017-01-05 00:00:00,203.0,86.10898684355348,-71.7734403569701,243.99141404407706
2017-01-05 01:00:00,168.0,85.92150418832081,-71.96169720187065,243.80470557851226
2017-01-05 02:00:00,159.0,85.74266513149497,-72.1412407049889,243.62657096797886
2017-01-05 03:00:00,168.0,85.57207117331437,-72.31247564923386,243.4566179958626
2017-01-05 04:00:00,175.0,85.40934218623373,-72.47578787920584,243.2944722516733
2017-01-05 05:00:00,256.0,85.25411556790145,-72.6315451992305,243.1397763350334
2017-01-05 06:00:00,336.0,85.10604543318763,-72.78009822774368,242.99218909411894
2017-01-05 07:00:00,284.0,84.96480184346234,-72.92178121024324,242.85138489716792
2017-01-05 08:00:00,275.0,84.83007007140685,-73.05691279290124,242.71705293571495
2017-01-05 09:00:00,271.0,84.70154989971967,-73.18579675881885,242.58889655825817
2017-01-05 10:00:00,276.0,84.57895495215448,-73.30872272879833,242.46663263310728
2017-01-05 11:00:00,267.0,84.4620120553998,-73.42596682840703,242.34999093920663
2017-01-05 12:00:00,249.0,84.35046063037794,-73.53779232301366,242.23871358376954
2017-01-05 13:00:00,239.0,84.24405211160735,-73.64445022238817,242.13255444560286
2017-01-05 14:00:00,223.0,84.14254939333429,-73.74617985637292,242.0312786430415
2017-01-05 15:00:00,206.0,84.0457263011998,-73.84320942305439,241.934662025454
2017-01-05 16:00:00,162.0,83.95336708826461,-73.935756510789,241.84249068731822
2017-01-05 17:00:00,184.0,83.86526595426902,-74.0240285953678,241.75456050390585
2017-01-05 18:00:00,183.0,83.7812265870566,-74.10822351353751,241.6706766876507
2017-01-05 19:00:00,191.0,83.70106172513987,-74.1885299140328,241.59065336431252
2017-01-05 20:00:00,219.0,83.62459274043316,-74.2651276872168,241.5143131680831
2017-01-05 21:00:00,199.0,83.55164924022294,-74.33818837436876,241.44148685481463
2017-01-05 22:00:00,180.0,83.48206868748872,-74.40787555760724,241.37201293258468
2017-01-05 23:00:00,184.0,83.41569603872841,-74.47434523138585,241.30573730884268
2017-01-06 00:00:00,184.0,83.35238339848127,-74.53774615645153,241.24251295341406
2017-01-06 01:00:00,184.0,83.29198968977846,-74.59822019711137,241.1821995766683
2017-01-06 02:00:00,176.0,83.23438033978702,-74.65590264261046,241.12466332218452
2017-01-06 03:00:00,159.0,83.17942697994671,-74.71092251338455,241.06977647327795
2017-01-06 04:00:00,158.0,83.12700715993161,-74.76340285291208,241.0174171727753
2017-01-06 05:00:00,171.0,83.07700407479902,-74.81346100585552,240.96746915545356
2017-01-06 06:00:00,169.0,83.02930630471788,-74.8612088831462,240.91982149258195
2017-01-06 07:00:00,177.0,82.98380756669637,-74.90675321463665,240.8743683480294
2017-01-06 08:00:00,170.0,82.94040647775599,-74.95019578991177,240.83100874542373
2017-01-06 09:00:00,175.0,82.89900632902395,-74.99163368782261,240.7896463458705
2017-01-06 10:00:00,211.0,82.85951487024074,-75.03115949527849,240.75018923576
2017-01-06 11:00:00,216.0,82.82184410420268,-75.06886151580682,240.71254972421218
2017-01-06 12:00:00,193.0,82.78591009068131,-75.10482396836531,240.67664414972793
2017-01-06 13:00:00,188.0,82.75163275938283,-75.13912717686864,240.6423926956343
2017-01-06 14:00:00,200.0,82.71893573153075,-75.17184775086746,240.60971921392894
2017-01-06 15:00:00,214.0,82.68774614967413,-75.20305875779826,240.5785510571465
2017-01-06 16:00:00,215.0,82.65799451534238,-75.23282988720135,240.5488189178861
2017-01-06 17:00:00,221.0,82.62961453418458,-75.26122760728538,240.52045667565454
2017-01-06 18:00:00,211.0,82.60254296824854,-75.28831531419891,240.493401250696
2017-01-06 19:00:00,217.0,82.57671949507022,-75.31415347435168,240.46759246449213
2017-01-06 20:00:00,220.0,82.5520865732597,-75.33879976011251,240.4429729066319
2017-01-06 21:00:00,235.0,82.52858931428398,-75.36230917919437,240.41948780776232
2017-01-06 22:00:00,239.0,82.50617536016115,-75.38473419802337,240.39708491834568
2017-01-06 23:00:00,235.0,82.48479476679326,-75.4061248593727,240.3757143929592
2017-01-07 00:00:00,241.0,82.46439989267785,-75.42652889453132,240.355328679887
2017-01-07 01:00:00,239.0,82.44494529275045,-75.44599183026199,240.33588241576288
2017-01-07 02:00:00,224.0,82.42638761712108,-75.46455709079352,240.3173323250357
2017-01-07 03:00:00,208.0,82.40868551447954,-75.48226609507847,240.29963712403756
2017-01-07 04:00:00,206.0,82.39179953995396,-75.49915834953755,240.2827574294455
2017-01-07 05:00:00,200.0,82.3756920672174,-75.51527153650237,240.26665567093715
2017-01-07 06:00:00,181.0,82.36032720464662,-75.53064159855559,240.25129600784885
2017-01-07 07:00:00,173.0,82.34567071534629,-75.54530281896164,240.2366442496542
2017-01-07 08:00:00,166.0,82.33168994086026,-75.55928789836872,240.22266778008924
2017-01-07 09:00:00,154.0,82.31835372840011,-75.57262802795655,240.20933548475676
2017-01-07 10:00:00,142.0,82.30563236142864,-75.58535295919536,240.19661768205265
2017-01-07 11:00:00,167.0,82.2934974934437,-75.59749107037347,240.18448605726087
2017-01-07 12:00:00,196.0,82.28192208481488,-75.609069430044,240.17291359967376
2017-01-07 13:00:00,184.0,82.27088034253222,-75.62011385753445,240.1618745425989
2017-01-07 14:00:00,156.0,82.26034766273261,-75.63064898065454,240.15134430611977
2017-01-07 15:00:00,115.0,82.25030057587611,-75.64069829073384,240.14129944248606
2017-01-07 16:00:00,99.0,82.24071669444966,-75.65028419511204,240.13171758401137
2017-01-07 17:00:00,95.0,82.23157466308197,-75.65942806720119,240.12257739336513
2017-01-07 18:00:00,102.0,82.22285411095814,-75.66815029423171,240.11385851614799
2017-01-07 19:00:00,96.0,82.21453560642827,-75.67647032279034,240.10554153564686
2017-01-07 20:00:00,100.0,82.20660061370866,-75.6844067022521,240.09760792966944
2017-01-07 21:00:00,111.0,82.19903145157933,-75.6919771262039,240.09004002936257
2017-01-07 22:00:00,93.0,82.19181125398562,-75.69919847195335,240.08282097992458
2017-01-07 23:00:00,78.0,82.18492393245633,-75.70608683821094,240.0759347031236
2017-01-08 00:00:00,66.0,82.17835414025434,-75.71265758103063,240.06936586153932
2017-01-08 01:00:00,66.0,82.17208723818018,-75.71892534808953,240.0630998244499
2017-01-08 02:00:00,22.0,82.16610926195209,-75.72490411138334,240.0571226352875
2017-01-08 03:00:00,23.0,82.16040689108992,-75.73060719841125,240.0514209805911
2017-01-08 04:00:00,19.0,82.15496741923374,-75.73604732191995,240.04598216038744
2017-01-08 05:00:00,24.0,82.1497787258307,-75.74123660827381,240.0407940599352
2017-01-08 06:00:00,16.0,82.14482924912734,-75.7461866245141,240.03584512276876
2017-01-08 07:00:00,15.0,82.140107960407,-75.75090840416914,240.03112432498313
2017-01-08 08:00:00,18.0,82.13560433941495,-75.75541247187184,240.02662115070174
2017-01-08 09:00:00,20.0,82.13130835091663,-75.75970886684046,240.0223255686737
2017-01-08 10:00:00,15.0,82.12721042233639,-75.76380716527561,240.0182280099484
2017-01-08 11:00:00,22.0,82.12330142242746,-75.76771650172242,240.01431934657734
2017-01-08 12:00:00,18.0,82.1195726409251,-75.77144558944684,240.01059087129704
2017-01-08 13:00:00,28.0,82.11601576913787,-75.77500273987124,240.007034278147
2017-01-08 14:00:00,22.0,82.11262288143374,-75.77839588111252,240.00364164398
2017-01-08 15:00:00,17.0,82.10938641757969,-75.7816325756647,240.00040541082407
2017-01-08 16:00:00,14.0,82.10629916589556,-75.7847200372654,239.99731836905653
2017-01-08 17:00:00,13.0,82.10335424718461,-75.78766514698331,239.99437364135252
2017-01-08 18:00:00,14.0,82.10054509940484,-75.79047446856389,239.99156466737355
2017-01-08 19:00:00,15.0,82.09786546304703,-75.79315426306628,239.98888518916033
2017-01-08 20:00:00,21.0,82.095309367187,-75.795710502825,239.98632923719902
2017-01-08 21:00:00,15.0,82.09287111618082,-75.7981488847673,239.98389111712893
2017-01-08 22:00:00,13.0,82.0905452769734,-75.80047484311591,239.9815653970627
2017-01-08 23:00:00,10.0,82.0883266669923,-75.80269356150582,239.97934689549044
2017-01-09 00:00:00,10.0,82.08621034259956,-75.80480998454176,239.9772306697409
2017-01-09 01:00:00,8.0,82.08419158807602,-75.80682882882256,239.9752120049746
2017-01-09 02:00:00,9.0,82.08226590511349,-75.8087545934569,239.97328640368386
2017-01-09 03:00:00,11.0,82.0804290027913,-75.81059157009378,239.9714495756764
2017-01-09 04:00:00,6.0,82.07867678801512,-75.8123438524903,239.96969742852053
2017-01-09 05:00:00,6.0,82.07700535639631,-75.81401534563813,239.96802605843075
2017-01-09 06:00:00,10.0,82.07541098355216,-75.81560977446864,239.96643174157296
2017-01-09 07:00:00,11.0,82.07389011680678,-75.81713069215706,239.96491092577062
2017-01-09 08:00:00,9.0,82.07243936727497,-75.81858148804292,239.96346022259286
2017-01-09 09:00:00,16.0,82.07105550231084,-75.81996539518543,239.96207639980713
2017-01-09 10:00:00,13.0,82.06973543830463,-75.82128549757053,239.9607563741798
2017-01-09 11:00:00,12.0,82.0684762338117,-75.82254473698517,239.95949720460857
2017-01-09 12:00:00,17.0,82.06727508299808,-75.82374591957465,239.9582960855708
2017-01-09 13:00:00,7.0,82.06612930938854,-75.82489172209765,239.95715034087473
2017-01-09 14:00:00,15.0,82.06503635990258,-75.82598469789254,239.9560574176977
2017-01-09 15:00:00,17.0,82.0639937991655,-75.82702728256854,239.95501488089954
2017-01-09 16:00:00,34.0,82.06299930408183,-75.82802179943472,239.95402040759836
2017-01-09 17:00:00,37.0,82.0620506586588,-75.82897046467808,239.95307178199567
2017-01-09 18:00:00,50.0,82.06114574906861,-75.82987539230312,239.95216689044037
2017-01-09 19:00:00,62.0,82.06028255893818,-75.83073859884382,239.9513037167202
2017-01-09 20:00:00,87.0,82.05945916485624,-75.83156200785777,239.95048033757024
2017-01-09 21:00:00,114.0,82.05867373208737,-75.83234745421355,239.94969491838827
2017-01-09 22:00:00,127.0,82.05792451048387,-75.83309668818006,239.9489457091478
2017-01-09 23:00:00,120.0,82.05720983058585,-75.83381137932737,239.94823104049908
2017-01-10 00:00:00,51.0,82.05652809990129,-75.83449312024787,239.94754932005043
2017-01-10 01:00:00,70.0,82.05587779935756,-75.83514343010548,239.9468990288206
2017-01-10 02:00:00,19.0,82.05525747991655,-75.83576375802139,239.94627871785448
2017-01-10 03:00:00,7.0,82.05466575934578,-75.83635548630362,239.9456870049952
2017-01-10 04:00:00,5.0,82.05410131913852,-75.83691993352765,239.9451225718047
2017-01-10 05:00:00,10.0,82.0535629015757,-75.83745835747519,239.9445841606266
2017-01-10 06:00:00,10.0,82.05304930692347,-75.83797195793699,239.94407057178393
2017-01-10 07:00:00,11.0,82.05255939075985,-75.83846187938684,239.94358066090655
2017-01-10 08:00:00,8.0,82.05209206142469,-75.83892921353207,239.94311333638143
2017-01-10 09:00:00,3.0,82.05164627758711,-75.83937500174636,239.94266755692058
2017-01-10 10:00:00,6.0,82.05122104592523,-75.83980023739072,239.9422423292412
2017-01-10 11:00:00,3.0,82.05081541891269,-75.840205868027,239.94183670585238
2017-01-10 12:00:00,3.0,82.05042849270741,-75.8405927975296,239.9414497829444
2017-01-10 13:00:00,3.0,82.05005940513753,-75.84096188809973,239.94108069837478
2017-01-10 14:00:00,3.0,82.04970733378032,-75.84131396218696,239.94072862974758
2017-01-10 15:00:00,3.0,82.04937149412953,-75.84164980432183,239.9403927925809
2017-01-10 16:00:00,5.0,82.04905113784743,-75.84197016286423,239.94007243855907
2017-01-10 17:00:00,7.0,82.04874555109718,-75.84227575167118,239.93976685386554
2017-01-10 18:00:00,8.0,82.04845405295234,-75.84256725168748,239.93947535759216
2017-01-10 19:00:00,13.0,82.04817599387947,-75.84284531246318,239.93919730022213
2017-01-10 20:00:00,81.0,82.04791075429092,-75.84311055360122,239.93893206218308
2017-01-10 21:00:00,91.0,82.04765774316417,-75.84336356613784,239.93867905246617
2017-01-10 22:00:00,84.0,82.04741639672484,-75.84360491386003,239.93843770730973
2017-01-10 23:00:00,87.0,82.04718617719054,-75.84383513456164,239.93820748894274
2017-01-11 00:00:00,91.0,82.04696657157248,-75.84405474124185,239.9379878843868
2017-01-11 01:00:00,94.0,82.04675709053244,-75.8442642232484,239.9377784043133
2017-01-11 02:00:00,97.0,82.04655726729239,-75.84446404736785,239.9375785819526
2017-01-11 03:00:00,112.0,82.04636665659434,-75.84465465886608,239.93738797205475
2017-01-11 04:00:00,98.0,82.04618483370831,-75.84483648248025,239.93720614989687
2017-01-11 05:00:00,68.0,82.04601139348574,-75.84500992336535,239.93703271033684
2017-01-11 06:00:00,60.0,82.0458459494569,-75.84517536799702,239.93686726691084
2017-01-11 07:00:00,33.0,82.04568813296963,-75.84533318503283,239.9367094509721
2017-01-11 08:00:00,28.0,82.04553759236788,-75.84548372613372,239.93655891086948
2017-01-11 09:00:00,20.0,82.04539399220819,-75.84562732674756,239.93641531116396
2017-01-11 10:00:00,32.0,82.0452570125122,-75.84576430685681,239.9362783318812
2017-01-11 11:00:00,3.0,82.04512634805363,-75.8458949716914,239.93614766779865
2017-01-11 12:00:00,3.0,82.04500170767821,-75.84601961240898,239.9360230277654
2017-01-11 13:00:00,39.0,82.04488281365491,-75.84613850674359,239.9359041340534
2017-01-11 14:00:00,37.0,82.04476940105701,-75.84625191962479,239.9357907217388
2017-01-11 15:00:00,46.0,82.04466121717186,-75.8463601037677,239.93568253811142
2017-01-11 16:00:00,50.0,82.04455802093774,-75.84646330023638,239.93557934211185
2017-01-11 17:00:00,66.0,82.0444595824067,-75.84656173898084,239.93548090379426
2017-01-11 18:00:00,58.0,82.04436568223217,-75.84665563934955,239.9353870038139
2017-01-11 19:00:00,38.0,82.04427611118024,-75.84674521057818,239.93529743293865
2017-01-11 20:00:00,36.0,82.04419066966338,-75.84683065225582,239.93521199158258
2017-01-11 21:00:00,31.0,82.04410916729577,-75.84691215476971,239.93513048936126
2017-01-11 22:00:00,22.0,82.044031422469,-75.84698989972964,239.93505274466764
2017-01-11 23:00:00,22.0,82.04395726194745,-75.84706406037232,239.93497858426724
2017-01-12 00:00:00,31.0,82.04388652048227,-75.84713480194769,239.93490784291225
2017-01-12 01:00:00,26.0,82.04381904044315,-75.84720228208711,239.93484036297343
2017-01-12 02:00:00,23.0,82.04375467146706,-75.84726665115447,239.93477599408857
2017-01-12 03:00:00,26.0,82.04369327012326,-75.84732805258129,239.9347145928278
2017-01-12 04:00:00,31.0,82.04363469959361,-75.84738662318651,239.93465602237373
2017-01-12 05:00:00,32.0,82.04357882936783,-75.84744249348101,239.93460015221666
2017-01-12 06:00:00,22.0,82.04352553495255,-75.84749578795885,239.93454685786395
2017-01-12 07:00:00,19.0,82.04347469759404,-75.84754662537429,239.93449602056236
2017-01-12 08:00:00,16.0,82.04342620401344,-75.84759511900667,239.93444752703357
2017-01-12 09:00:00,26.0,82.04337994615453,-75.8476413769127,239.93440126922178
2017-01-12 10:00:00,27.0,82.0433358209428,-75.84768550216732,239.9343571440529
2017-01-12 11:00:00,20.0,82.04329373005584,-75.84772759309331,239.93431505320498
2017-01-12 12:00:00,25.0,82.04325357970424,-75.8477677434804,239.9342749028889
2017-01-12 13:00:00,45.0,82.04321528042263,-75.84780604279433,239.9342366036396
2017-01-12 14:00:00,84.0,82.04317874687028,-75.8478425763761,239.93420007011667
2017-01-12 15:00:00,80.0,82.04314389764096,-75.84787742563213,239.93416522091405
2017-01-12 16:00:00,94.0,82.04311065508156,-75.84791066821589,239.934131978379
2017-01-12 17:00:00,97.0,82.04307894511905,-75.84794237820054,239.93410026843864
2017-01-12 18:00:00,93.0,82.0430486970954,-75.84797262624434,239.93407002043514
2017-01-12 19:00:00,121.0,82.04301984361021,-75.8480014797479,239.9340411669683
2017-01-12 20:00:00,108.0,82.04299232037039,-75.8480290030044,239.93401364374517
2017-01-12 21:00:00,33.0,82.04296606604707,-75.84805525734289,239.93398738943705
2017-01-12 22:00:00,19.0,82.04294102213879,-75.84808030126496,239.93396234554254
2017-01-12 23:00:00,15.0,82.04291713284125,-75.84810419057509,239.93393845625758
2017-01-13 00:00:00,5.0,82.04289434492289,-75.84812697850488,239.93391566835066
2017-01-13 01:00:00,20.0,82.04287260760633,-75.84814871583187,239.9338939310445
2017-01-13 02:00:00,9.0,82.0428518724552,-75.84816945099243,239.93387319590283
2017-01-13 03:00:00,14.0,82.0428320932662,-75.84818923019007,239.93385341672246
2017-01-13 04:00:00,8.0,82.04281322596617,-75.84820809749792,239.93383454943026
2017-01-13 05:00:00,10.0,82.04279522851388,-75.84822609495734,239.9338165519851
2017-01-13 06:00:00,13.0,82.04277806080636,-75.84824326267135,239.93379938428404
2017-01-13 07:00:00,17.0,82.0427616845895,-75.84825963889415,239.93378300807314
2017-01-13 08:00:00,22.0,82.04274606337282,-75.8482752601162,239.93376738686183
2017-01-13 09:00:00,8.0,82.04273116234822,-75.84829016114568,239.93375248584212
2017-01-13 10:00:00,8.0,82.04271694831236,-75.84830437518598,239.93373827181068
2017-01-13 11:00:00,20.0,82.04270338959269,-75.84831793390971,239.9337247130951
2017-01-13 12:00:00,13.0,82.04269045597685,-75.84833086752924,239.93371177948296
2017-01-13 13:00:00,7.0,82.04267811864541,-75.84834320486404,239.93369944215488
2017-01-13 14:00:00,15.0,82.0426663501076,-75.8483549734049,239.93368767362008
2017-01-13 15:00:00,9.0,82.04265512414004,-75.8483661993752,239.93367644765527
2017-01-13 16:00:00,15.0,82.0426444157284,-75.8483769077894,239.9336657392462
2017-01-13 17:00:00,17.0,82.04263420101154,-75.84838712250854,239.93365552453162
2017-01-13 18:00:00,18.0,82.04262445722844,-75.84839686629374,239.93364578075062
2017-01-13 19:00:00,16.0,82.0426151626674,-75.84840616085668,239.9336364861915
2017-01-13 20:00:00,21.0,82.04260629661778,-75.84841502690804,239.9336276201436
2017-01-13 21:00:00,18.0,82.04259783932366,-75.84842348420372,239.93361916285104
2017-01-13 22:00:00,15.0,82.04258977194004,-75.84843155158879,239.93361109546888
2017-01-13 23:00:00,22.0,82.0425820764907,-75.84843924703944,239.93360340002084
2017-01-14 00:00:00,17.0,82.04257473582817,-75.84844658770314,239.93359605935947
2017-01-14 01:00:00,18.0,82.04256773359555,-75.84845358993684,239.93358905712793
2017-01-14 02:00:00,17.0,82.04256105419005,-75.8484602693433,239.93358237772338
2017-01-14 03:00:00,13.0,82.04255468272824,-75.84846664080602,239.9335760062625
2017-01-14 04:00:00,21.0,82.04254860501283,-75.84847271852223,239.93356992854788
2017-01-14 05:00:00,18.0,82.0425428075011,-75.84847851603472,239.93356413103692
2017-01-14 06:00:00,11.0,82.04253727727472,-75.84848404626176,239.93355860081118
2017-01-14 07:00:00,9.0,82.04253200201089,-75.84848932152622,239.933553325548
2017-01-14 08:00:00,24.0,82.04252696995495,-75.8484943535827,239.9335482934926
2017-01-14 09:00:00,19.0,82.04252216989417,-75.84849915364401,239.93354349343235
2017-01-14 10:00:00,27.0,82.04251759113279,-75.84850373240585,239.93353891467143
2017-01-14 11:00:00,31.0,82.04251322346813,-75.8485081000709,239.93353454700718
2017-01-14 12:00:00,18.0,82.04250905716792,-75.84851226637151,239.93353038070734
2017-01-14 13:00:00,12.0,82.04250508294855,-75.84851624059125,239.93352640648834
2017-01-14 14:00:00,8.0,82.04250129195442,-75.84852003158566,239.9335226154945
2017-01-14 15:00:00,11.0,82.04249767573822,-75.84852364780215,239.9335189992786
2017-01-14 16:00:00,18.0,82.0424942262421,-75.84852709729856,239.93351554978275
2017-01-14 17:00:00,24.0,82.04249093577965,-75.84853038776123,239.93351225932054
2017-01-14 18:00:00,31.0,82.04248779701891,-75.8485335265222,239.93350912056002
2017-01-14 19:00:00,38.0,82.04248480296589,-75.84853652057542,239.9335061265072
2017-01-14 20:00:00,41.0,82.04248194694905,-75.8485393765924,239.93350327049052
2017-01-14 21:00:00,44.0,82.04247922260447,-75.84854210093715,239.9335005461461
2017-01-14 22:00:00,37.0,82.04247662386159,-75.84854469968018,239.93349794740334
2017-01-14 23:00:00,31.0,82.04247414492973,-75.84854717861221,239.93349546847168
2017-01-15 00:00:00,37.0,82.0424717802852,-75.84854954325685,239.93349310382723
2017-01-15 01:00:00,32.0,82.04246952465896,-75.84855179888321,239.93349084820113
2017-01-15 02:00:00,48.0,82.04246737302488,-75.8485539505174,239.93348869656717
2017-01-15 03:00:00,35.0,82.04246532058858,-75.84855600295379,239.93348664413094
2017-01-15 04:00:00,35.0,82.04246336277667,-75.84855796076577,239.9334846863191
2017-01-15 05:00:00,42.0,82.04246149522666,-75.84855982831587,239.9334828187692
2017-01-15 06:00:00,22.0,82.04245971377718,-75.84856160976541,239.93348103731978
2017-01-15 07:00:00,26.0,82.04245801445866,-75.84856330908399,239.9334793380013
2017-01-15 08:00:00,17.0,82.0424563934846,-75.8485649300581,239.9334777170273
2017-01-15 09:00:00,23.0,82.04245484724304,-75.84856647629972,239.9334761707858
2017-01-15 10:00:00,22.0,82.04245337228856,-75.84856795125425,239.93347469583136
2017-01-15 11:00:00,34.0,82.04245196533459,-75.84856935820825,239.93347328887745
2017-01-15 12:00:00,48.0,82.04245062324607,-75.8485707002968,239.93347194678893
2017-01-15 13:00:00,49.0,82.04244934303244,-75.84857198051046,239.93347066657535
2017-01-15 14:00:00,48.0,82.0424481218411,-75.84857320170183,239.93346944538405
2017-01-15 15:00:00,53.0,82.04244695695091,-75.84857436659205,239.93346828049386
2017-01-15 16:00:00,57.0,82.04244584576618,-75.84857547777683,239.9334671693092
2017-01-15 17:00:00,76.0,82.0424447858109,-75.84857653773214,239.93346610935396
2017-01-15 18:00:00,81.0,82.04244377472322,-75.84857754881985,239.9334650982663
2017-01-15 19:00:00,76.0,82.04244281025018,-75.84857851329289,239.93346413379325
2017-01-15 20:00:00,72.0,82.04244189024269,-75.84857943330039,239.93346321378576
2017-01-15 21:00:00,72.0,82.04244101265071,-75.84858031089239,239.93346233619383
2017-01-15 22:00:00,74.0,82.04244017551876,-75.84858114802434,239.93346149906188
2017-01-15 23:00:00,85.0,82.04243937698149,-75.84858194656164,239.93346070052462
2017-01-16 00:00:00,86.0,82.04243861525954,-75.84858270828359,239.93345993880268
2017-01-16 01:00:00,92.0,82.04243788865561,-75.84858343488752,239.93345921219873
2017-01-16 02:00:00,94.0,82.04243719555063,-75.84858412799252,239.9334585190938
2017-01-16 03:00:00,93.0,82.0424365344002,-75.84858478914296,239.93345785794335
2017-01-16 04:00:00,97.0,82.04243590373108,-75.84858541981208,239.93345722727423
2017-01-16 05:00:00,97.0,82.04243530213797,-75.84858602140521,239.93345662568117
2017-01-16 06:00:00,89.0,82.0424347282804,-75.84858659526279,239.93345605182358
2017-01-16 07:00:00,90.0,82.04243418087964,-75.84858714266358,239.93345550442285
2017-01-16 08:00:00,87.0,82.04243365871595,-75.84858766482726,239.93345498225915
2017-01-16 09:00:00,89.0,82.0424331606258,-75.84858816291741,239.93345448416903
2017-01-16 10:00:00,66.0,82.04243268549935,-75.84858863804389,239.93345400904258
2017-01-16 11:00:00,60.0,82.04243223227786,-75.84858909126538,239.9334535558211
2017-01-16 12:00:00,72.0,82.04243179995144,-75.84858952359183,239.9334531234947
2017-01-16 13:00:00,71.0,82.04243138755677,-75.8485899359865,239.93345271110005
2017-01-16 14:00:00,79.0,82.04243099417492,-75.84859032936835,239.9334523177182
2017-01-16 15:00:00,96.0,82.04243061892933,-75.84859070461394,239.9334519424726
2017-01-16 16:00:00,116.0,82.04243026098386,-75.84859106255941,239.93345158452712
2017-01-16 17:00:00,122.0,82.04242991954092,-75.84859140400235,239.9334512430842
2017-01-16 18:00:00,128.0,82.04242959383967,-75.8485917297036,239.93345091738294
2017-01-16 19:00:00,120.0,82.04242928315438,-75.8485920403889,239.93345060669765
2017-01-16 20:00:00,125.0,82.04242898679274,-75.84859233675053,239.933450310336
2017-01-16 21:00:00,138.0,82.04242870409442,-75.84859261944885,239.9334500276377
2017-01-16 22:00:00,138.0,82.04242843442945,-75.84859288911382,239.9334497579727
2017-01-16 23:00:00,120.0,82.04242817719698,-75.84859314634629,239.93344950074027
2017-01-17 00:00:00,127.0,82.04242793182381,-75.84859339171946,239.93344925536707
2017-01-17 01:00:00,141.0,82.04242769776319,-75.84859362578008,239.93344902130644
2017-01-17 02:00:00,146.0,82.04242747449358,-75.84859384904969,239.93344879803686
2017-01-17 03:00:00,133.0,82.04242726151746,-75.84859406202581,239.93344858506072
2017-01-17 04:00:00,141.0,82.04242705836029,-75.84859426518298,239.93344838190356
2017-01-17 05:00:00,131.0,82.04242686456935,-75.84859445897392,239.9334481881126
2017-01-17 06:00:00,120.0,82.04242667971286,-75.84859464383041,239.93344800325613
2017-01-17 07:00:00,111.0,82.04242650337888,-75.8485948201644,239.93344782692213
2017-01-17 08:00:00,138.0,82.04242633517451,-75.84859498836876,239.9334476587178
2017-01-17 09:00:00,155.0,82.04242617472494,-75.84859514881833,239.9334474982682
2017-01-17 10:00:00,167.0,82.04242602167265,-75.84859530187062,239.93344734521594
2017-01-17 11:00:00,157.0,82.04242587567661,-75.84859544786666,239.93344719921987
2017-01-17 12:00:00,158.0,82.04242573641149,-75.84859558713178,239.93344705995474
2017-01-17 13:00:00,154.0,82.04242560356695,-75.84859571997632,239.93344692711023
2017-01-17 14:00:00,145.0,82.04242547684703,-75.84859584669624,239.9334468003903
2017-01-17 15:00:00,137.0,82.04242535596933,-75.84859596757394,239.9334466795126
2017-01-17 16:00:00,123.0,82.0424252406645,-75.84859608287877,239.93344656420777
2017-01-17 17:00:00,155.0,82.04242513067564,-75.84859619286763,239.9334464542189
2017-01-17 18:00:00,169.0,82.04242502575762,-75.84859629778565,239.93344634930088
2017-01-17 19:00:00,165.0,82.0424249256767,-75.84859639786657,239.93344624921997
2017-01-17 20:00:00,167.0,82.04242483020985,-75.84859649333342,239.93344615375312
2017-01-17 21:00:00,170.0,82.04242473914437,-75.8485965843989,239.93344606268764
2017-01-17 22:00:00,171.0,82.0424246522773,-75.84859667126597,239.93344597582058
2017-01-17 23:00:00,172.0,82.04242456941512,-75.84859675412815,239.9334458929584
2017-01-18 00:00:00,73.0,82.04242449037316,-75.8485968331701,239.93344581391642
2017-01-18 01:00:00,25.0,82.04242441497532,-75.84859690856796,239.93344573851857
2017-01-18 02:00:00,66.0,82.04242434305357,-75.8485969804897,239.93344566659684
2017-01-18 03:00:00,57.0,82.04242427444765,-75.84859704909562,239.93344559799093
2017-01-18 04:00:00,44.0,82.04242420900472,-75.84859711453855,239.93344553254798
2017-01-18 05:00:00,34.0,82.04242414657892,-75.84859717696435,239.9334454701222
2017-01-18 06:00:00,33.0,82.04242408703118,-75.84859723651209,239.93344541057445
2017-01-18 07:00:00,31.0,82.0424240302288,-75.84859729331447,239.93344535377207
2017-01-18 08:00:00,25.0,82.0424239760452,-75.84859734749807,239.93344529958847
2017-01-18 09:00:00,21.0,82.04242392435964,-75.84859739918363,239.9334452479029
2017-01-18 10:00:00,22.0,82.04242387505697,-75.8485974484863,239.93344519860023
2017-01-18 11:00:00,26.0,82.04242382802732,-75.84859749551595,239.9334451515706
2017-01-18 12:00:00,22.0,82.04242378316592,-75.84859754037736,239.9334451067092
2017-01-18 13:00:00,21.0,82.04242374037275,-75.84859758317052,239.93344506391603
2017-01-18 14:00:00,20.0,82.04242369955253,-75.84859762399074,239.9334450230958
2017-01-18 15:00:00,35.0,82.04242366061425,-75.84859766292902,239.93344498415752
2017-01-18 16:00:00,49.0,82.04242362347115,-75.84859770007212,239.93344494701444
2017-01-18 17:00:00,57.0,82.04242358804048,-75.84859773550279,239.93344491158376
2017-01-18 18:00:00,50.0,82.04242355424329,-75.84859776929999,239.93344487778654
2017-01-18 19:00:00,46.0,82.04242352200426,-75.84859780153901,239.9334448455475
2017-01-18 20:00:00,43.0,82.04242349125157,-75.8485978322917,239.93344481479483
2017-01-18 21:00:00,50.0,82.04242346191667,-75.8485978616266,239.93344478545993
2017-01-18 22:00:00,55.0,82.04242343393422,-75.84859788960905,239.9334447574775
2017-01-18 23:00:00,54.0,82.04242340724187,-75.8485979163014,239.93344473078514
2017-01-19 00:00:00,64.0,82.04242338178011,-75.84859794176316,239.93344470532338
2017-01-19 01:00:00,76.0,82.04242335749224,-75.84859796605103,239.9334446810355
2017-01-19 02:00:00,87.0,82.04242333432411,-75.84859798921916,239.93344465786737
2017-01-19 03:00:00,96.0,82.04242331222412,-75.84859801131915,239.9334446357674
2017-01-19 04:00:00,112.0,82.04242329114301,-75.84859803240026,239.93344461468627
2017-01-19 05:00:00,126.0,82.04242327103383,-75.84859805250944,239.9334445945771
2017-01-19 06:00:00,104.0,82.04242325185173,-75.84859807169154,239.93344457539501
2017-01-19 07:00:00,109.0,82.042423233554,-75.84859808998927,239.9334445570973
2017-01-19 08:00:00,111.0,82.04242321609986,-75.84859810744341,239.93344453964312
2017-01-19 09:00:00,103.0,82.04242319945041,-75.84859812409286,239.93344452299368
2017-01-19 10:00:00,34.0,82.04242318356857,-75.8485981399747,239.93344450711186
2017-01-19 11:00:00,12.0,82.04242316841892,-75.84859815512435,239.93344449196218
2017-01-19 12:00:00,12.0,82.04242315396773,-75.84859816957554,239.933444477511
2017-01-19 13:00:00,12.0,82.0424231401828,-75.84859818336047,239.93344446372606
2017-01-19 14:00:00,9.0,82.04242312703339,-75.84859819650988,239.93344445057664
2017-01-19 15:00:00,9.0,82.04242311449022,-75.84859820905305,239.9334444380335
2017-01-19 16:00:00,9.0,82.04242310252533,-75.84859822101794,239.9334444260686
2017-01-19 17:00:00,10.0,82.04242309111207,-75.8485982324312,239.93344441465536
2017-01-19 18:00:00,12.0,82.04242308022499,-75.84859824331828,239.93344440376825
2017-01-19 19:00:00,11.0,82.04242306983984,-75.84859825370343,239.93344439338313
2017-01-19 20:00:00,11.0,82.0424230599335,-75.84859826360977,239.93344438347677
2017-01-19 21:00:00,11.0,82.04242305048386,-75.84859827305941,239.93344437402715
2017-01-19 22:00:00,14.0,82.04242304146989,-75.84859828207338,239.93344436501314
2017-01-19 23:00:00,8.0,82.04242303287148,-75.84859829067179,239.93344435641475
2017-01-20 00:00:00,10.0,82.0424230246695,-75.84859829887377,239.9334443482128
2017-01-20 01:00:00,8.0,82.04242301684566,-75.84859830669761,239.93344434038892
2017-01-20 02:00:00,8.0,82.04242300938252,-75.84859831416075,239.93344433292577
2017-01-20 03:00:00,8.0,82.04242300226346,-75.84859832127981,239.93344432580673
2017-01-20 04:00:00,5.0,82.0424229954726,-75.84859832807066,239.93344431901588
2017-01-20 05:00:00,7.0,82.04242298899484,-75.84859833454843,239.93344431253811
2017-01-20 06:00:00,8.0,82.04242298281572,-75.84859834072755,239.93344430635898
2017-01-20 07:00:00,10.0,82.04242297692149,-75.84859834662178,239.93344430046477
2017-01-20 08:00:00,11.0,82.04242297129899,-75.84859835224428,239.93344429484227
2017-01-20 09:00:00,12.0,82.04242296593571,-75.84859835760756,239.93344428947898
2017-01-20 10:00:00,16.0,82.04242296081969,-75.84859836272358,239.93344428436296
2017-01-20 11:00:00,17.0,82.04242295593956,-75.84859836760371,239.93344427948284
2017-01-20 12:00:00,21.0,82.0424229512844,-75.84859837225888,239.93344427482765
2017-01-20 13:00:00,18.0,82.04242294684386,-75.84859837669941,239.93344427038713
2017-01-20 14:00:00,19.0,82.04242294260804,-75.84859838093523,239.9334442661513
2017-01-20 15:00:00,17.0,82.04242293856753,-75.84859838497574,239.9334442621108
2017-01-20 16:00:00,26.0,82.04242293471327,-75.84859838883,239.93344425825654
2017-01-20 17:00:00,24.0,82.04242293103673,-75.84859839250655,239.93344425458
2017-01-20 18:00:00,27.0,82.04242292752967,-75.8485983960136,239.93344425107296
2017-01-20 19:00:00,37.0,82.04242292418431,-75.84859839935896,239.93344424772758
2017-01-20 20:00:00,45.0,82.04242292099319,-75.84859840255008,239.93344424453647
2017-01-20 21:00:00,45.0,82.04242291794918,-75.84859840559409,239.93344424149245
2017-01-20 22:00:00,53.0,82.0424229150455,-75.84859840849776,239.93344423858878
2017-01-20 23:00:00,64.0,82.04242291227571,-75.84859841126756,239.93344423581897
2017-01-21 00:00:00,68.0,82.04242290963361,-75.84859841390966,239.93344423317689
2017-01-21 01:00:00,70.0,82.04242290711332,-75.84859841642995,239.9334442306566
2017-01-21 02:00:00,81.0,82.04242290470923,-75.84859841883404,239.93344422825248
2017-01-21 03:00:00,90.0,82.04242290241596,-75.8485984211273,239.93344422595925
2017-01-21 04:00:00,90.0,82.04242290022843,-75.84859842331484,239.9334442237717
2017-01-21 05:00:00,69.0,82.04242289814175,-75.84859842540152,239.93344422168502
2017-01-21 06:00:00,32.0,82.04242289615127,-75.848598427392,239.93344421969454
2017-01-21 07:00:00,11.0,82.04242289425257,-75.8485984292907,239.93344421779585
2017-01-21 08:00:00,5.0,82.0424228924414,-75.84859843110188,239.93344421598465
2017-01-21 09:00:00,6.0,82.04242289071372,-75.84859843282955,239.933444214257
2017-01-21 10:00:00,7.0,82.0424228890657,-75.84859843447757,239.93344421260898
2017-01-21 11:00:00,7.0,82.04242288749366,-75.84859843604961,239.93344421103694
2017-01-21 12:00:00,11.0,82.0424228859941,-75.84859843754917,239.93344420953736
2017-01-21 13:00:00,6.0,82.04242288456366,-75.84859843897961,239.93344420810695
2017-01-21 14:00:00,5.0,82.0424228831992,-75.84859844034408,239.93344420674248
2017-01-21 15:00:00,5.0,82.04242288189762,-75.84859844164565,239.93344420544088
2017-01-21 16:00:00,9.0,82.04242288065605,-75.84859844288722,239.9334442041993
2017-01-21 17:00:00,8.0,82.04242287947173,-75.84859844407154,239.933444203015
2017-01-21 18:00:00,12.0,82.042422878342,-75.84859844520128,239.93344420188527
2017-01-21 19:00:00,11.0,82.04242287726436,-75.84859844627891,239.93344420080763
2017-01-21 20:00:00,13.0,82.0424228762364,-75.84859844730687,239.93344419977967
2017-01-21 21:00:00,15.0,82.04242287525584,-75.84859844828743,239.93344419879912
2017-01-21 22:00:00,10.0,82.04242287432048,-75.84859844922279,239.93344419786376
2017-01-21 23:00:00,11.0,82.04242287342825,-75.84859845011502,239.93344419697152
2017-01-22 00:00:00,9.0,82.04242287257715,-75.84859845096612,239.93344419612043
2017-01-22 01:00:00,13.0,82.04242287176528,-75.84859845177799,239.93344419530854
2017-01-22 02:00:00,14.0,82.04242287099086,-75.84859845255241,239.93344419453413
2017-01-22 03:00:00,12.0,82.04242287025212,-75.84859845329115,239.9334441937954
2017-01-22 04:00:00,14.0,82.04242286954747,-75.8485984539958,239.93344419309074
2017-01-22 05:00:00,15.0,82.04242286887528,-75.848598454668,239.93344419241856
2017-01-22 06:00:00,14.0,82.04242286823408,-75.84859845530919,239.93344419177737
2017-01-22 07:00:00,12.0,82.04242286762246,-75.84859845592081,239.93344419116573
2017-01-22 08:00:00,11.0,82.04242286703902,-75.84859845650425,239.9334441905823
2017-01-22 09:00:00,11.0,82.0424228664825,-75.84859845706077,239.93344419002577
2017-01-22 10:00:00,16.0,82.04242286595161,-75.84859845759166,239.93344418949488
2017-01-22 11:00:00,21.0,82.04242286544522,-75.84859845809805,239.9334441889885
2017-01-22 12:00:00,16.0,82.04242286496216,-75.84859845858111,239.93344418850543
2017-01-22 13:00:00,17.0,82.04242286450138,-75.8485984590419,239.93344418804463
2017-01-22 14:00:00,18.0,82.04242286406183,-75.84859845948144,239.93344418760512
2017-01-22 15:00:00,21.0,82.04242286364256,-75.84859845990071,239.93344418718584
2017-01-22 16:00:00,29.0,82.04242286324262,-75.84859846030065,239.9334441867859
2017-01-22 17:00:00,47.0,82.04242286286112,-75.84859846068215,239.9334441864044
2017-01-22 18:00:00,65.0,82.04242286249719,-75.84859846104608,239.93344418604045
2017-01-22 19:00:00,72.0,82.04242286215005,-75.84859846139322,239.9334441856933
2017-01-22 20:00:00,46.0,82.04242286181892,-75.84859846172435,239.9334441853622
2017-01-22 21:00:00,30.0,82.04242286150306,-75.84859846204021,239.9334441850463
2017-01-22 22:00:00,31.0,82.04242286120174,-75.84859846234153,239.933444184745
2017-01-22 23:00:00,26.0,82.04242286091433,-75.84859846262894,239.93344418445758
2017-01-23 00:00:00,24.0,82.04242286064016,-75.84859846290311,239.93344418418343
2017-01-23 01:00:00,22.0,82.04242286037864,-75.84859846316463,239.9334441839219
2017-01-23 02:00:00,20.0,82.04242286012918,-75.84859846341409,239.93344418367246
2017-01-23 03:00:00,17.0,82.0424228598912,-75.84859846365207,239.93344418343446
2017-01-23 04:00:00,15.0,82.04242285966421,-75.84859846387906,239.93344418320748
2017-01-23 05:00:00,12.0,82.04242285944768,-75.84859846409559,239.93344418299097
2017-01-23 06:00:00,11.0,82.04242285924114,-75.84859846430213,239.9334441827844
2017-01-23 07:00:00,12.0,82.04242285904411,-75.84859846449916,239.93344418258738
2017-01-23 08:00:00,12.0,82.04242285885617,-75.8485984646871,239.93344418239946
2017-01-23 09:00:00,13.0,82.0424228586769,-75.84859846486637,239.93344418222017
2017-01-23 10:00:00,17.0,82.04242285850589,-75.84859846503738,239.93344418204916
2017-01-23 11:00:00,18.0,82.04242285834276,-75.84859846520051,239.93344418188605
2017-01-23 12:00:00,16.0,82.04242285818715,-75.84859846535612,239.9334441817304
2017-01-23 13:00:00,19.0,82.04242285803872,-75.84859846550455,239.933444181582
2017-01-23 14:00:00,21.0,82.04242285789714,-75.84859846564613,239.9334441814404
2017-01-23 15:00:00,27.0,82.04242285776208,-75.8485984657812,239.93344418130533
2017-01-23 16:00:00,39.0,82.04242285763324,-75.84859846591003,239.93344418117653
2017-01-23 17:00:00,34.0,82.04242285751035,-75.84859846603293,239.93344418105363
2017-01-23 18:00:00,39.0,82.0424228573931,-75.84859846615016,239.93344418093636
2017-01-23 19:00:00,47.0,82.0424228572813,-75.84859846626198,239.93344418082455
2017-01-23 20:00:00,68.0,82.04242285717461,-75.84859846636866,239.93344418071788
2017-01-23 21:00:00,80.0,82.04242285707286,-75.8485984664704,239.93344418061614
2017-01-23 22:00:00,84.0,82.0424228569758,-75.84859846656747,239.93344418051907
2017-01-23 23:00:00,95.0,82.04242285688322,-75.84859846666005,239.93344418042648
2017-01-24 00:00:00,97.0,82.04242285679491,-75.84859846674836,239.9334441803382
2017-01-24 01:00:00,95.0,82.04242285671066,-75.84859846683261,239.93344418025393
2017-01-24 02:00:00,89.0,82.04242285663031,-75.84859846691296,239.93344418017358
2017-01-24 03:00:00,93.0,82.04242285655364,-75.84859846698963,239.9334441800969
2017-01-24 04:00:00,105.0,82.04242285648053,-75.84859846706274,239.9334441800238
2017-01-24 05:00:00,100.0,82.04242285641078,-75.84859846713249,239.93344417995405
2017-01-24 06:00:00,72.0,82.04242285634425,-75.84859846719903,239.93344417988752
2017-01-24 07:00:00,51.0,82.04242285628077,-75.8485984672625,239.93344417982405
2017-01-24 08:00:00,27.0,82.04242285622023,-75.84859846732304,239.9334441797635
2017-01-24 09:00:00,28.0,82.04242285616247,-75.8485984673808,239.93344417970576
2017-01-24 10:00:00,29.0,82.0424228561074,-75.84859846743588,239.93344417965068
2017-01-24 11:00:00,44.0,82.04242285605484,-75.84859846748843,239.9334441795981
2017-01-24 12:00:00,53.0,82.04242285600472,-75.84859846753855,239.933444179548
2017-01-24 13:00:00,68.0,82.0424228559569,-75.84859846758637,239.93344417950016
2017-01-24 14:00:00,71.0,82.0424228559113,-75.84859846763197,239.93344417945457
2017-01-24 15:00:00,86.0,82.04242285586778,-75.84859846767549,239.93344417941105
2017-01-24 16:00:00,109.0,82.04242285582629,-75.84859846771698,239.93344417936956
2017-01-24 17:00:00,120.0,82.0424228557867,-75.84859846775657,239.93344417932997
2017-01-24 18:00:00,122.0,82.04242285574894,-75.84859846779433,239.93344417929222
2017-01-24 19:00:00,130.0,82.04242285571291,-75.84859846783036,239.93344417925618
2017-01-24 20:00:00,134.0,82.04242285567855,-75.84859846786472,239.93344417922182
2017-01-24 21:00:00,128.0,82.04242285564578,-75.84859846789749,239.93344417918905
2017-01-24 22:00:00,120.0,82.04242285561452,-75.84859846792875,239.9334441791578
2017-01-24 23:00:00,128.0,82.04242285558469,-75.84859846795858,239.93344417912795
2017-01-25 00:00:00,134.0,82.04242285555624,-75.84859846798703,239.93344417909952
2017-01-25 01:00:00,152.0,82.0424228555291,-75.84859846801417,239.93344417907235
2017-01-25 02:00:00,169.0,82.04242285550322,-75.84859846804005,239.9334441790465
2017-01-25 03:00:00,202.0,82.04242285547852,-75.84859846806475,239.9334441790218
2017-01-25 04:00:00,220.0,82.04242285545497,-75.8485984680883,239.93344417899823
2017-01-25 05:00:00,208.0,82.04242285543249,-75.84859846811078,239.93344417897578
2017-01-25 06:00:00,191.0,82.04242285541106,-75.84859846813221,239.93344417895435
2017-01-25 07:00:00,156.0,82.04242285539063,-75.84859846815264,239.93344417893388
2017-01-25 08:00:00,160.0,82.04242285537111,-75.84859846817216,239.93344417891439
2017-01-25 09:00:00,154.0,82.04242285535251,-75.84859846819076,239.9334441788958
2017-01-25 10:00:00,164.0,82.04242285533476,-75.84859846820851,239.93344417887803
2017-01-25 11:00:00,136.0,82.04242285531784,-75.84859846822543,239.93344417886112
2017-01-25 12:00:00,143.0,82.0424228553017,-75.84859846824158,239.93344417884498
2017-01-25 13:00:00,150.0,82.04242285528629,-75.84859846825698,239.93344417882957
2017-01-25 14:00:00,157.0,82.0424228552716,-75.84859846827167,239.93344417881485
2017-01-25 15:00:00,164.0,82.04242285525758,-75.84859846828569,239.93344417880087
2017-01-25 16:00:00,162.0,82.04242285524421,-75.84859846829906,239.93344417878748
2017-01-25 17:00:00,176.0,82.04242285523146,-75.8485984683118,239.93344417877472
2017-01-25 18:00:00,200.0,82.0424228552193,-75.84859846832397,239.93344417876256
2017-01-25 19:00:00,194.0,82.04242285520769,-75.84859846833558,239.93344417875096
2017-01-25 20:00:00,208.0,82.04242285519663,-75.84859846834664,239.9334441787399
2017-01-25 21:00:00,224.0,82.04242285518608,-75.8485984683572,239.93344417872936
2017-01-25 22:00:00,236.0,82.042422855176,-75.84859846836727,239.93344417871927
2017-01-25 23:00:00,253.0,82.0424228551664,-75.84859846837688,239.93344417870966
2017-01-26 00:00:00,260.0,82.04242285515723,-75.84859846838604,239.93344417870048
2017-01-26 01:00:00,269.0,82.04242285514849,-75.84859846839478,239.93344417869176
2017-01-26 02:00:00,295.0,82.04242285514015,-75.84859846840313,239.93344417868343
2017-01-26 03:00:00,321.0,82.04242285513219,-75.84859846841108,239.93344417867547
2017-01-26 04:00:00,326.0,82.0424228551246,-75.84859846841867,239.93344417866786
2017-01-26 05:00:00,318.0,82.04242285511737,-75.8485984684259,239.93344417866064
2017-01-26 06:00:00,288.0,82.04242285511046,-75.84859846843281,239.93344417865373
2017-01-26 07:00:00,246.0,82.04242285510388,-75.84859846843939,239.93344417864716
2017-01-26 08:00:00,238.0,82.0424228550976,-75.84859846844567,239.93344417864085
2017-01-26 09:00:00,248.0,82.0424228550916,-75.84859846845167,239.9334441786349
2017-01-26 10:00:00,262.0,82.04242285508589,-75.84859846845738,239.93344417862914
2017-01-26 11:00:00,270.0,82.04242285508043,-75.84859846846284,239.9334441786237
2017-01-26 12:00:00,259.0,82.04242285507523,-75.84859846846804,239.93344417861852
2017-01-26 13:00:00,209.0,82.04242285507027,-75.848598468473,239.93344417861354
2017-01-26 14:00:00,96.0,82.04242285506554,-75.84859846847773,239.9334441786088
2017-01-26 15:00:00,51.0,82.04242285506102,-75.84859846848225,239.9334441786043
2017-01-26 16:00:00,8.0,82.04242285505671,-75.84859846848656,239.93344417859998
2017-01-26 17:00:00,7.0,82.0424228550526,-75.84859846849066,239.9334441785959
2017-01-26 18:00:00,10.0,82.04242285504868,-75.84859846849459,239.93344417859197
2017-01-26 19:00:00,9.0,82.04242285504495,-75.84859846849832,239.93344417858822
2017-01-26 20:00:00,11.0,82.04242285504138,-75.84859846850189,239.93344417858464
2017-01-26 21:00:00,7.0,82.04242285503798,-75.84859846850529,239.93344417858125
2017-01-26 22:00:00,4.0,82.04242285503474,-75.84859846850853,239.93344417857801
2017-01-26 23:00:00,10.0,82.04242285503165,-75.84859846851163,239.93344417857492
2017-01-27 00:00:00,11.0,82.04242285502869,-75.84859846851458,239.93344417857196
2017-01-27 01:00:00,11.0,82.04242285502588,-75.8485984685174,239.93344417856915
2017-01-27 02:00:00,13.0,82.04242285502319,-75.84859846852008,239.93344417856645
2017-01-27 03:00:00,10.0,82.04242285502063,-75.84859846852264,239.9334441785639
2017-01-27 04:00:00,6.0,82.04242285501819,-75.84859846852508,239.93344417856144
2017-01-27 05:00:00,9.0,82.04242285501586,-75.84859846852741,239.9334441785591
2017-01-27 06:00:00,11.0,82.04242285501363,-75.84859846852964,239.9334441785569
2017-01-27 07:00:00,11.0,82.04242285501151,-75.84859846853176,239.9334441785548
2017-01-27 08:00:00,11.0,82.04242285500948,-75.8485984685338,239.93344417855275
2017-01-27 09:00:00,15.0,82.04242285500756,-75.84859846853571,239.93344417855081
2017-01-27 10:00:00,24.0,82.04242285500571,-75.84859846853756,239.933444178549
2017-01-27 11:00:00,28.0,82.04242285500395,-75.84859846853932,239.93344417854723
2017-01-27 12:00:00,37.0,82.04242285500227,-75.848598468541,239.93344417854553
2017-01-27 13:00:00,41.0,82.04242285500068,-75.84859846854259,239.93344417854394
2017-01-27 14:00:00,45.0,82.04242285499916,-75.84859846854411,239.93344417854243
2017-01-27 15:00:00,44.0,82.0424228549977,-75.84859846854557,239.93344417854098
2017-01-27 16:00:00,53.0,82.04242285499632,-75.84859846854695,239.9334441785396
2017-01-27 17:00:00,58.0,82.042422854995,-75.84859846854827,239.93344417853825
2017-01-27 18:00:00,61.0,82.04242285499373,-75.84859846854954,239.933444178537
2017-01-27 19:00:00,87.0,82.04242285499252,-75.84859846855075,239.9334441785358
2017-01-27 20:00:00,118.0,82.04242285499137,-75.8485984685519,239.93344417853464
2017-01-27 21:00:00,179.0,82.04242285499028,-75.84859846855299,239.93344417853353
2017-01-27 22:00:00,240.0,82.04242285498924,-75.84859846855403,239.9334441785325
2017-01-27 23:00:00,278.0,82.04242285498823,-75.84859846855504,239.9334441785315
2017-01-28 00:00:00,305.0,82.0424228549873,-75.84859846855598,239.93344417853058
2017-01-28 01:00:00,576.0,82.04242285498638,-75.84859846855689,239.93344417852967
2017-01-28 02:00:00,641.0,82.04242285498552,-75.84859846855775,239.9334441785288
2017-01-28 03:00:00,651.0,82.0424228549847,-75.84859846855858,239.93344417852796
2017-01-28 04:00:00,682.0,82.0424228549839,-75.84859846855937,239.93344417852717
2017-01-28 05:00:00,713.0,82.04242285498314,-75.84859846856013,239.93344417852643
2017-01-28 06:00:00,697.0,82.04242285498243,-75.84859846856084,239.9334441785257
2017-01-28 07:00:00,462.0,82.04242285498175,-75.84859846856152,239.933444178525
2017-01-28 08:00:00,383.0,82.0424228549811,-75.84859846856217,239.93344417852438
2017-01-28 09:00:00,374.0,82.04242285498047,-75.8485984685628,239.93344417852376
2017-01-28 10:00:00,323.0,82.04242285497989,-75.84859846856338,239.93344417852316
2017-01-28 11:00:00,257.0,82.04242285497932,-75.84859846856395,239.9334441785226
2017-01-28 12:00:00,249.0,82.04242285497878,-75.84859846856449,239.93344417852205
2017-01-28 13:00:00,244.0,82.04242285497827,-75.848598468565,239.93344417852154
2017-01-28 14:00:00,238.0,82.04242285497777,-75.8485984685655,239.93344417852103
2017-01-28 15:00:00,242.0,82.0424228549773,-75.84859846856597,239.93344417852057
2017-01-28 16:00:00,243.0,82.04242285497686,-75.84859846856641,239.93344417852012
2017-01-28 17:00:00,247.0,82.04242285497644,-75.84859846856683,239.93344417851972
2017-01-28 18:00:00,246.0,82.04242285497602,-75.84859846856725,239.9334441785193
2017-01-28 19:00:00,243.0,82.04242285497564,-75.84859846856763,239.93344417851893
2017-01-28 20:00:00,242.0,82.04242285497527,-75.848598468568,239.93344417851853
2017-01-28 21:00:00,258.0,82.04242285497492,-75.84859846856835,239.9334441785182
2017-01-28 22:00:00,273.0,82.04242285497457,-75.8485984685687,239.93344417851785
2017-01-28 23:00:00,307.0,82.04242285497426,-75.84859846856901,239.93344417851753
2017-01-29 00:00:00,297.0,82.04242285497395,-75.84859846856932,239.93344417851722
2017-01-29 01:00:00,292.0,82.04242285497365,-75.84859846856962,239.93344417851694
2017-01-29 02:00:00,203.0,82.04242285497338,-75.84859846856989,239.93344417851665
2017-01-29 03:00:00,11.0,82.04242285497311,-75.84859846857016,239.93344417851637
2017-01-29 04:00:00,3.0,82.04242285497286,-75.84859846857042,239.93344417851614
2017-01-29 05:00:00,9.0,82.04242285497261,-75.84859846857066,239.93344417851588
2017-01-29 06:00:00,9.0,82.04242285497239,-75.84859846857088,239.93344417851566
2017-01-29 07:00:00,10.0,82.04242285497217,-75.8485984685711,239.93344417851546
2017-01-29 08:00:00,10.0,82.04242285497196,-75.84859846857131,239.93344417851523
2017-01-29 09:00:00,11.0,82.04242285497176,-75.84859846857151,239.93344417851503
2017-01-29 10:00:00,10.0,82.04242285497156,-75.84859846857171,239.93344417851483
2017-01-29 11:00:00,12.0,82.04242285497138,-75.8485984685719,239.93344417851466
2017-01-29 12:00:00,7.0,82.0424228549712,-75.84859846857206,239.9334441785145
2017-01-29 13:00:00,15.0,82.04242285497104,-75.84859846857223,239.93344417851432
2017-01-29 14:00:00,15.0,82.04242285497088,-75.84859846857239,239.93344417851415
2017-01-29 15:00:00,8.0,82.04242285497074,-75.84859846857253,239.933444178514
2017-01-29 16:00:00,13.0,82.0424228549706,-75.84859846857267,239.93344417851387
2017-01-29 17:00:00,11.0,82.04242285497045,-75.84859846857282,239.93344417851372
2017-01-29 18:00:00,11.0,82.04242285497033,-75.84859846857294,239.93344417851358
2017-01-29 19:00:00,3.0,82.0424228549702,-75.84859846857307,239.93344417851347
2017-01-29 20:00:00,8.0,82.04242285497008,-75.84859846857319,239.93344417851335
2017-01-29 21:00:00,9.0,82.04242285496997,-75.8485984685733,239.93344417851324
2017-01-29 22:00:00,7.0,82.04242285496986,-75.84859846857341,239.93344417851313
2017-01-29 23:00:00,10.0,82.04242285496976,-75.84859846857351,239.933444178513
2017-01-30 00:00:00,8.0,82.04242285496966,-75.84859846857361,239.93344417851293
2017-01-30 01:00:00,9.0,82.04242285496956,-75.84859846857371,239.93344417851284
2017-01-30 02:00:00,7.0,82.04242285496947,-75.8485984685738,239.93344417851273
2017-01-30 03:00:00,9.0,82.04242285496939,-75.84859846857388,239.93344417851267
2017-01-30 04:00:00,8.0,82.0424228549693,-75.84859846857397,239.93344417851256
2017-01-30 05:00:00,5.0,82.04242285496922,-75.84859846857405,239.9334441785125
2017-01-30 06:00:00,7.0,82.04242285496915,-75.84859846857412,239.93344417851242
2017-01-30 07:00:00,9.0,82.04242285496908,-75.8485984685742,239.93344417851233
2017-01-30 08:00:00,8.0,82.042422854969,-75.84859846857427,239.93344417851227
2017-01-30 09:00:00,6.0,82.04242285496895,-75.84859846857432,239.93344417851222
2017-01-30 10:00:00,12.0,82.04242285496889,-75.84859846857438,239.93344417851216
2017-01-30 11:00:00,4.0,82.04242285496882,-75.84859846857445,239.9334441785121
2017-01-30 12:00:00,4.0,82.04242285496878,-75.8485984685745,239.93344417851205
2017-01-30 13:00:00,3.0,82.04242285496872,-75.84859846857455,239.933444178512
2017-01-30 14:00:00,8.0,82.04242285496866,-75.84859846857461,239.93344417851193
2017-01-30 15:00:00,9.0,82.04242285496862,-75.84859846857465,239.93344417851188
2017-01-30 16:00:00,9.0,82.04242285496858,-75.84859846857469,239.93344417851185
2017-01-30 17:00:00,35.0,82.04242285496852,-75.84859846857475,239.9334441785118
2017-01-30 18:00:00,126.0,82.04242285496848,-75.84859846857479,239.93344417851176
2017-01-30 19:00:00,71.0,82.04242285496845,-75.84859846857482,239.9334441785117
2017-01-30 20:00:00,64.0,82.04242285496841,-75.84859846857486,239.93344417851168
2017-01-30 21:00:00,57.0,82.04242285496836,-75.8485984685749,239.93344417851165
2017-01-30 22:00:00,59.0,82.04242285496834,-75.84859846857493,239.9334441785116
2017-01-30 23:00:00,70.0,82.04242285496831,-75.84859846857496,239.9334441785116
2017-01-31 00:00:00,70.0,82.04242285496827,-75.848598468575,239.93344417851154
2017-01-31 01:00:00,78.0,82.04242285496824,-75.84859846857503,239.9334441785115
2017-01-31 02:00:00,86.0,82.04242285496821,-75.84859846857506,239.93344417851148
2017-01-31 03:00:00,95.0,82.04242285496818,-75.84859846857509,239.93344417851145
2017-01-31 04:00:00,98.0,82.04242285496815,-75.84859846857512,239.93344417851142
2017-01-31 05:00:00,104.0,82.04242285496814,-75.84859846857513,239.93344417851142
2017-01-31 06:00:00,86.0,82.04242285496811,-75.84859846857516,239.93344417851137
2017-01-31 07:00:00,94.0,82.04242285496808,-75.84859846857519,239.93344417851137
2017-01-31 08:00:00,93.0,82.04242285496807,-75.8485984685752,239.93344417851134
2017-01-31 09:00:00,100.0,82.04242285496804,-75.84859846857523,239.9334441785113
2017-01-31 10:00:00,85.0,82.04242285496802,-75.84859846857525,239.9334441785113
2017-01-31 11:00:00,81.0,82.04242285496801,-75.84859846857526,239.93344417851128
2017-01-31 12:00:00,79.0,82.04242285496798,-75.84859846857529,239.93344417851125
2017-01-31 13:00:00,68.0,82.04242285496797,-75.8485984685753,239.93344417851125
2017-01-31 14:00:00,50.0,82.04242285496795,-75.84859846857532,239.93344417851122
2017-01-31 15:00:00,55.0,82.04242285496794,-75.84859846857533,239.9334441785112
2017-01-31 16:00:00,72.0,82.04242285496792,-75.84859846857535,239.9334441785112
2017-01-31 17:00:00,80.0,82.04242285496791,-75.84859846857536,239.9334441785112
2017-01-31 18:00:00,72.0,82.0424228549679,-75.84859846857537,239.93344417851117
2017-01-31 19:00:00,91.0,82.04242285496788,-75.84859846857539,239.93344417851114
2017-01-31 20:00:00,73.0,82.04242285496787,-75.8485984685754,239.93344417851114
2017-01-31 21:00:00,24.0,82.04242285496785,-75.84859846857542,239.93344417851114
2017-01-31 22:00:00,10.0,82.04242285496784,-75.84859846857543,239.9334441785111
2017-01-31 23:00:00,3.0,82.04242285496784,-75.84859846857543,239.9334441785111
2017-02-01 00:00:00,5.0,82.04242285496782,-75.84859846857545,239.93344417851108
2017-02-01 01:00:00,5.0,82.04242285496781,-75.84859846857546,239.93344417851108
2017-02-01 02:00:00,7.0,82.04242285496781,-75.84859846857546,239.93344417851108
2017-02-01 03:00:00,6.0,82.0424228549678,-75.84859846857547,239.93344417851108
2017-02-01 04:00:00,8.0,82.04242285496778,-75.84859846857549,239.93344417851105
2017-02-01 05:00:00,8.0,82.04242285496778,-75.84859846857549,239.93344417851105
2017-02-01 06:00:00,6.0,82.04242285496777,-75.8485984685755,239.93344417851102
2017-02-01 07:00:00,5.0,82.04242285496777,-75.8485984685755,239.93344417851102
2017-02-01 08:00:00,7.0,82.04242285496775,-75.84859846857552,239.93344417851102
2017-02-01 09:00:00,9.0,82.04242285496775,-75.84859846857552,239.93344417851102
2017-02-01 10:00:00,10.0,82.04242285496774,-75.84859846857553,239.93344417851102
2017-02-01 11:00:00,6.0,82.04242285496774,-75.84859846857553,239.93344417851102
2017-02-01 12:00:00,9.0,82.04242285496773,-75.84859846857555,239.933444178511
2017-02-01 13:00:00,15.0,82.04242285496773,-75.84859846857555,239.933444178511
2017-02-01 14:00:00,8.0,82.04242285496773,-75.84859846857555,239.933444178511
2017-02-01 15:00:00,10.0,82.04242285496771,-75.84859846857556,239.93344417851097
2017-02-01 16:00:00,17.0,82.04242285496771,-75.84859846857556,239.93344417851097
2017-02-01 17:00:00,20.0,82.04242285496771,-75.84859846857556,239.93344417851097
2017-02-01 18:00:00,3.0,82.0424228549677,-75.84859846857557,239.93344417851097
2017-02-01 19:00:00,44.0,82.0424228549677,-75.84859846857557,239.93344417851097
2017-02-01 20:00:00,89.0,82.0424228549677,-75.84859846857557,239.93344417851097
2017-02-01 21:00:00,126.0,82.0424228549677,-75.84859846857557,239.93344417851097
2017-02-01 22:00:00,129.0,82.04242285496768,-75.84859846857559,239.93344417851097
2017-02-01 23:00:00,146.0,82.04242285496768,-75.84859846857559,239.93344417851097
2017-02-02 00:00:00,154.0,82.04242285496768,-75.84859846857559,239.93344417851097
2017-02-02 01:00:00,124.0,82.04242285496768,-75.84859846857559,239.93344417851097
2017-02-02 02:00:00,133.0,82.04242285496767,-75.8485984685756,239.93344417851094
2017-02-02 03:00:00,121.0,82.04242285496767,-75.8485984685756,239.93344417851094
2017-02-02 04:00:00,37.0,82.04242285496767,-75.8485984685756,239.93344417851094
2017-02-02 05:00:00,34.0,82.04242285496767,-75.8485984685756,239.93344417851094
2017-02-02 06:00:00,31.0,82.04242285496767,-75.8485984685756,239.93344417851094
2017-02-02 07:00:00,38.0,82.04242285496765,-75.84859846857562,239.9334441785109
2017-02-02 08:00:00,37.0,82.04242285496765,-75.84859846857562,239.9334441785109
2017-02-02 09:00:00,42.0,82.04242285496765,-75.84859846857562,239.9334441785109
2017-02-02 10:00:00,41.0,82.04242285496765,-75.84859846857562,239.9334441785109
2017-02-02 11:00:00,51.0,82.04242285496765,-75.84859846857562,239.9334441785109
2017-02-02 12:00:00,58.0,82.04242285496765,-75.84859846857562,239.9334441785109
2017-02-02 13:00:00,61.0,82.04242285496765,-75.84859846857562,239.9334441785109
2017-02-02 14:00:00,63.0,82.04242285496764,-75.84859846857563,239.9334441785109
2017-02-02 15:00:00,70.0,82.04242285496764,-75.84859846857563,239.9334441785109
2017-02-02 16:00:00,71.0,82.04242285496764,-75.84859846857563,239.9334441785109
2017-02-02 17:00:00,72.0,82.04242285496764,-75.84859846857563,239.9334441785109
2017-02-02 18:00:00,87.0,82.04242285496764,-75.84859846857563,239.9334441785109
2017-02-02 19:00:00,119.0,82.04242285496764,-75.84859846857563,239.9334441785109
2017-02-02 20:00:00,132.0,82.04242285496764,-75.84859846857563,239.9334441785109
2017-02-02 21:00:00,147.0,82.04242285496764,-75.84859846857563,239.9334441785109
2017-02-02 22:00:00,150.0,82.04242285496764,-75.84859846857563,239.9334441785109
2017-02-02 23:00:00,156.0,82.04242285496764,-75.84859846857563,239.9334441785109
2017-02-03 00:00:00,148.0,82.04242285496764,-75.84859846857563,239.9334441785109
2017-02-03 01:00:00,145.0,82.04242285496763,-75.84859846857564,239.9334441785109
2017-02-03 02:00:00,166.0,82.04242285496763,-75.84859846857564,239.9334441785109
2017-02-03 03:00:00,168.0,82.04242285496763,-75.84859846857564,239.9334441785109
2017-02-03 04:00:00,140.0,82.04242285496763,-75.84859846857564,239.9334441785109
2017-02-03 05:00:00,112.0,82.04242285496763,-75.84859846857564,239.9334441785109
2017-02-03 06:00:00,103.0,82.04242285496763,-75.84859846857564,239.9334441785109
2017-02-03 07:00:00,100.0,82.04242285496763,-75.84859846857564,239.9334441785109
2017-02-03 08:00:00,102.0,82.04242285496763,-75.84859846857564,239.9334441785109
2017-02-03 09:00:00,97.0,82.04242285496763,-75.84859846857564,239.9334441785109
2017-02-03 10:00:00,63.0,82.04242285496763,-75.84859846857564,239.9334441785109
2017-02-03 11:00:00,66.0,82.04242285496763,-75.84859846857564,239.9334441785109
2017-02-03 12:00:00,79.0,82.04242285496763,-75.84859846857564,239.9334441785109
2017-02-03 13:00:00,103.0,82.04242285496763,-75.84859846857564,239.9334441785109
2017-02-03 14:00:00,116.0,82.04242285496763,-75.84859846857564,239.9334441785109
2017-02-03 15:00:00,127.0,82.04242285496763,-75.84859846857564,239.9334441785109
2017-02-03 16:00:00,156.0,82.04242285496763,-75.84859846857564,239.9334441785109
2017-02-03 17:00:00,219.0,82.04242285496763,-75.84859846857564,239.9334441785109
2017-02-03 18:00:00,232.0,82.04242285496763,-75.84859846857564,239.9334441785109
2017-02-03 19:00:00,245.0,82.04242285496763,-75.84859846857564,239.9334441785109
2017-02-03 20:00:00,251.0,82.04242285496763,-75.84859846857564,239.9334441785109
2017-02-03 21:00:00,299.0,82.04242285496763,-75.84859846857564,239.9334441785109
2017-02-03 22:00:00,319.0,82.04242285496763,-75.84859846857564,239.9334441785109
2017-02-03 23:00:00,317.0,82.04242285496763,-75.84859846857564,239.9334441785109
2017-02-04 00:00:00,321.0,82.04242285496761,-75.84859846857566,239.93344417851088
2017-02-04 01:00:00,316.0,82.04242285496761,-75.84859846857566,239.93344417851088
2017-02-04 02:00:00,317.0,82.04242285496761,-75.84859846857566,239.93344417851088
2017-02-04 03:00:00,339.0,82.04242285496761,-75.84859846857566,239.93344417851088
2017-02-04 04:00:00,351.0,82.04242285496761,-75.84859846857566,239.93344417851088
2017-02-04 05:00:00,343.0,82.04242285496761,-75.84859846857566,239.93344417851088
2017-02-04 06:00:00,359.0,82.04242285496761,-75.84859846857566,239.93344417851088
2017-02-04 07:00:00,331.0,82.04242285496761,-75.84859846857566,239.93344417851088
2017-02-04 08:00:00,311.0,82.04242285496761,-75.84859846857566,239.93344417851088
2017-02-04 09:00:00,303.0,82.04242285496761,-75.84859846857566,239.93344417851088
2017-02-04 10:00:00,288.0,82.04242285496761,-75.84859846857566,239.93344417851088
2017-02-04 11:00:00,281.0,82.04242285496761,-75.84859846857566,239.93344417851088
2017-02-04 12:00:00,300.0,82.04242285496761,-75.84859846857566,239.93344417851088
2017-02-04 13:00:00,284.0,82.04242285496761,-75.84859846857566,239.93344417851088
2017-02-04 14:00:00,251.0,82.04242285496761,-75.84859846857566,239.93344417851088
2017-02-04 15:00:00,213.0,82.04242285496761,-75.84859846857566,239.93344417851088
2017-02-04 16:00:00,258.0,82.04242285496761,-75.84859846857566,239.93344417851088
2017-02-04 17:00:00,348.0,82.04242285496761,-75.84859846857566,239.93344417851088
2017-02-04 18:00:00,327.0,82.04242285496761,-75.84859846857566,239.93344417851088
2017-02-04 19:00:00,279.0,82.04242285496761,-75.84859846857566,239.93344417851088
2017-02-04 20:00:00,82.0,82.04242285496761,-75.84859846857566,239.93344417851088
2017-02-04 21:00:00,25.0,82.04242285496761,-75.84859846857566,239.93344417851088
2017-02-04 22:00:00,9.0,82.04242285496761,-75.84859846857566,239.93344417851088
2017-02-04 23:00:00,8.0,82.04242285496761,-75.84859846857566,239.93344417851088
2017-02-05 00:00:00,10.0,82.04242285496761,-75.84859846857566,239.93344417851088
2017-02-05 01:00:00,11.0,82.04242285496761,-75.84859846857566,239.93344417851088
2017-02-05 02:00:00,17.0,82.04242285496761,-75.84859846857566,239.93344417851088
2017-02-05 03:00:00,17.0,82.04242285496761,-75.84859846857566,239.93344417851088
2017-02-05 04:00:00,19.0,82.04242285496761,-75.84859846857566,239.93344417851088
2017-02-05 05:00:00,20.0,82.04242285496761,-75.84859846857566,239.93344417851088
2017-02-05 06:00:00,18.0,82.04242285496761,-75.84859846857566,239.93344417851088
2017-02-05 07:00:00,15.0,82.04242285496761,-75.84859846857566,239.93344417851088
2017-02-05 08:00:00,10.0,82.04242285496761,-75.84859846857566,239.93344417851088
2017-02-05 09:00:00,8.0,82.04242285496761,-75.84859846857566,239.93344417851088
2017-02-05 10:00:00,7.0,82.04242285496761,-75.84859846857566,239.93344417851088
2017-02-05 11:00:00,10.0,82.04242285496761,-75.84859846857566,239.93344417851088
2017-02-05 12:00:00,8.0,82.04242285496761,-75.84859846857566,239.93344417851088
2017-02-05 13:00:00,9.0,82.04242285496761,-75.84859846857566,239.93344417851088
2017-02-05 14:00:00,9.0,82.04242285496761,-75.84859846857566,239.93344417851088
2017-02-05 15:00:00,9.0,82.04242285496761,-75.84859846857566,239.93344417851088
2017-02-05 16:00:00,18.0,82.04242285496761,-75.84859846857566,239.93344417851088
2017-02-05 17:00:00,18.0,82.04242285496761,-75.84859846857566,239.93344417851088
2017-02-05 18:00:00,10.0,82.04242285496761,-75.84859846857566,239.93344417851088
2017-02-05 19:00:00,7.0,82.04242285496761,-75.84859846857566,239.93344417851088
2017-02-05 20:00:00,7.0,82.04242285496761,-75.84859846857566,239.93344417851088
2017-02-05 21:00:00,9.0,82.04242285496761,-75.84859846857566,239.93344417851088
2017-02-05 22:00:00,8.0,82.04242285496761,-75.84859846857566,239.93344417851088
2017-02-05 23:00:00,11.0,82.04242285496761,-75.84859846857566,239.93344417851088
2017-02-06 00:00:00,8.0,82.04242285496761,-75.84859846857566,239.93344417851088
2017-02-06 01:00:00,10.0,82.04242285496761,-75.84859846857566,239.93344417851088
2017-02-06 02:00:00,9.0,82.04242285496761,-75.84859846857566,239.93344417851088
2017-02-06 03:00:00,6.0,82.04242285496761,-75.84859846857566,239.93344417851088
2017-02-06 04:00:00,5.0,82.04242285496761,-75.84859846857566,239.93344417851088
2017-02-06 05:00:00,7.0,82.04242285496761,-75.84859846857566,239.93344417851088
2017-02-06 06:00:00,3.0,82.04242285496761,-75.84859846857566,239.93344417851088
2017-02-06 07:00:00,6.0,82.04242285496761,-75.84859846857566,239.93344417851088
2017-02-06 08:00:00,5.0,82.04242285496761,-75.84859846857566,239.93344417851088
2017-02-06 09:00:00,7.0,82.04242285496761,-75.84859846857566,239.93344417851088
2017-02-06 10:00:00,6.0,82.04242285496761,-75.84859846857566,239.93344417851088
2017-02-06 11:00:00,7.0,82.04242285496761,-75.84859846857566,239.93344417851088
2017-02-06 12:00:00,5.0,82.04242285496761,-75.84859846857566,239.93344417851088
2017-02-06 13:00:00,3.0,82.04242285496761,-75.84859846857566,239.93344417851088
2017-02-06 14:00:00,3.0,82.04242285496761,-75.84859846857566,239.93344417851088
2017-02-06 15:00:00,4.0,82.04242285496761,-75.84859846857566,239.93344417851088
2017-02-06 16:00:00,6.0,82.04242285496761,-75.84859846857566,239.93344417851088
2017-02-06 17:00:00,13.0,82.04242285496761,-75.84859846857566,239.93344417851088
2017-02-06 18:00:00,7.0,82.04242285496761,-75.84859846857566,239.93344417851088
2017-02-06 19:00:00,21.0,82.04242285496761,-75.84859846857566,239.93344417851088
2017-02-06 20:00:00,26.0,82.04242285496761,-75.84859846857566,239.93344417851088
2017-02-06 21:00:00,30.0,82.04242285496761,-75.84859846857566,239.93344417851088
2017-02-06 22:00:00,38.0,82.04242285496761,-75.84859846857566,239.93344417851088
2017-02-06 23:00:00,35.0,82.04242285496761,-75.84859846857566,239.93344417851088
2017-02-07 00:00:00,40.0,82.04242285496761,-75.84859846857566,239.93344417851088
2017-02-07 01:00:00,56.0,82.04242285496761,-75.84859846857566,239.93344417851088
2017-02-07 02:00:00,68.0,82.04242285496761,-75.84859846857566,239.93344417851088
2017-02-07 03:00:00,70.0,82.04242285496761,-75.84859846857566,239.93344417851088
2017-02-07 04:00:00,67.0,82.04242285496761,-75.84859846857566,239.93344417851088
2017-02-07 05:00:00,66.0,82.04242285496761,-75.84859846857566,239.93344417851088
2017-02-07 06:00:00,70.0,82.04242285496761,-75.84859846857566,239.93344417851088
2017-02-07 07:00:00,69.0,82.04242285496761,-75.84859846857566,239.93344417851088
2017-02-07 08:00:00,76.0,82.04242285496761,-75.84859846857566,239.93344417851088
2017-02-07 09:00:00,78.0,82.04242285496761,-75.84859846857566,239.93344417851088
2017-02-07 10:00:00,90.0,82.04242285496761,-75.84859846857566,239.93344417851088
2017-02-07 11:00:00,73.0,82.04242285496761,-75.84859846857566,239.93344417851088
2017-02-07 12:00:00,40.0,82.04242285496761,-75.84859846857566,239.93344417851088
2017-02-07 13:00:00,38.0,82.04242285496761,-75.84859846857566,239.93344417851088
2017-02-07 14:00:00,45.0,82.04242285496761,-75.84859846857566,239.93344417851088
2017-02-07 15:00:00,59.0,82.04242285496761,-75.84859846857566,239.93344417851088
2017-02-07 16:00:00,88.0,82.04242285496761,-75.84859846857566,239.93344417851088
2017-02-07 17:00:00,101.0,82.04242285496761,-75.84859846857566,239.93344417851088
2017-02-07 18:00:00,110.0,82.04242285496761,-75.84859846857566,239.93344417851088
2017-02-07 19:00:00,110.0,82.04242285496761,-75.84859846857566,239.93344417851088
2017-02-07 20:00:00,118.0,82.04242285496761,-75.84859846857566,239.93344417851088
2017-02-07 21:00:00,107.0,82.04242285496761,-75.84859846857566,239.93344417851088
2017-02-07 22:00:00,106.0,82.04242285496761,-75.84859846857566,239.93344417851088
2017-02-07 23:00:00,114.0,82.04242285496761,-75.84859846857566,239.93344417851088
2017-02-08 00:00:00,113.0,82.04242285496761,-75.84859846857566,239.93344417851088
2017-02-08 01:00:00,117.0,82.04242285496761,-75.84859846857566,239.93344417851088
2017-02-08 02:00:00,118.0,82.04242285496761,-75.84859846857566,239.93344417851088
2017-02-08 03:00:00,118.0,82.04242285496761,-75.84859846857566,239.93344417851088
2017-02-08 04:00:00,111.0,82.04242285496761,-75.84859846857566,239.93344417851088
2017-02-08 05:00:00,102.0,82.04242285496761,-75.84859846857566,239.93344417851088
2017-02-08 06:00:00,63.0,82.04242285496761,-75.84859846857566,239.93344417851088
2017-02-08 07:00:00,10.0,82.04242285496761,-75.84859846857566,239.93344417851088
2017-02-08 08:00:00,8.0,82.04242285496761,-75.84859846857566,239.93344417851088
2017-02-08 09:00:00,9.0,82.04242285496761,-75.84859846857566,239.93344417851088
2017-02-08 10:00:00,12.0,82.04242285496761,-75.84859846857566,239.93344417851088
2017-02-08 11:00:00,10.0,82.04242285496761,-75.84859846857566,239.93344417851088
2017-02-08 12:00:00,7.0,82.04242285496761,-75.84859846857566,239.93344417851088
2017-02-08 13:00:00,14.0,82.04242285496761,-75.84859846857566,239.93344417851088
2017-02-08 14:00:00,12.0,82.04242285496761,-75.84859846857566,239.93344417851088
2017-02-08 15:00:00,7.0,82.04242285496761,-75.84859846857566,239.93344417851088
2017-02-08 16:00:00,14.0,82.04242285496761,-75.84859846857566,239.93344417851088
2017-02-08 17:00:00,11.0,82.04242285496761,-75.84859846857566,239.93344417851088
2017-02-08 18:00:00,6.0,82.04242285496761,-75.84859846857566,239.93344417851088
2017-02-08 19:00:00,8.0,82.04242285496761,-75.84859846857566,239.93344417851088
2017-02-08 20:00:00,9.0,82.04242285496761,-75.84859846857566,239.93344417851088
2017-02-08 21:00:00,6.0,82.04242285496761,-75.84859846857566,239.93344417851088
2017-02-08 22:00:00,9.0,82.04242285496761,-75.84859846857566,239.93344417851088
2017-02-08 23:00:00,8.0,82.04242285496761,-75.84859846857566,239.93344417851088
2017-02-09 00:00:00,10.0,82.04242285496761,-75.84859846857566,239.93344417851088
2017-02-09 01:00:00,6.0,82.04242285496761,-75.84859846857566,239.93344417851088
2017-02-09 02:00:00,9.0,82.04242285496761,-75.84859846857566,239.93344417851088
2017-02-09 03:00:00,8.5,82.04242285496761,-75.84859846857566,239.93344417851088
2017-02-09 04:00:00,8.0,82.04242285496761,-75.84859846857566,239.93344417851088
2017-02-09 05:00:00,6.0,82.04242285496761,-75.84859846857566,239.93344417851088
2017-02-09 06:00:00,4.0,82.04242285496761,-75.84859846857566,239.93344417851088
2017-02-09 07:00:00,7.0,82.04242285496761,-75.84859846857566,239.93344417851088
2017-02-09 08:00:00,6.0,82.04242285496761,-75.84859846857566,239.93344417851088
2017-02-09 09:00:00,7.0,82.04242285496761,-75.84859846857566,239.93344417851088
2017-02-09 10:00:00,6.0,82.04242285496761,-75.84859846857566,239.93344417851088
2017-02-09 11:00:00,4.0,82.04242285496761,-75.84859846857566,239.93344417851088
2017-02-09 12:00:00,8.0,82.04242285496761,-75.84859846857566,239.93344417851088
2017-02-09 13:00:00,7.0,82.04242285496761,-75.84859846857566,239.93344417851088
2017-02-09 14:00:00,11.0,82.04242285496761,-75.84859846857566,239.93344417851088
2017-02-09 15:00:00,11.0,82.04242285496761,-75.84859846857566,239.93344417851088
2017-02-09 16:00:00,8.0,82.04242285496761,-75.84859846857566,239.93344417851088
2017-02-09 17:00:00,4.0,82.04242285496761,-75.84859846857566,239.93344417851088
2017-02-09 18:00:00,3.0,82.04242285496761,-75.84859846857566,239.93344417851088
2017-02-09 19:00:00,7.0,82.04242285496761,-75.84859846857566,239.93344417851088
2017-02-09 20:00:00,7.0,82.04242285496761,-75.84859846857566,239.93344417851088
2017-02-09 21:00:00,8.0,82.04242285496761,-75.84859846857566,239.93344417851088
2017-02-09 22:00:00,8.0,82.04242285496761,-75.84859846857566,239.93344417851088
2017-02-09 23:00:00,6.0,82.04242285496761,-75.84859846857566,239.93344417851088
2017-02-10 00:00:00,5.0,82.04242285496761,-75.84859846857566,239.93344417851088
2017-02-10 01:00:00,8.0,82.04242285496761,-75.84859846857566,239.93344417851088
2017-02-10 02:00:00,4.0,82.04242285496761,-75.84859846857566,239.93344417851088
2017-02-10 03:00:00,8.0,82.04242285496761,-75.84859846857566,239.93344417851088
2017-02-10 04:00:00,4.0,82.04242285496761,-75.84859846857566,239.93344417851088
2017-02-10 05:00:00,5.0,82.04242285496761,-75.84859846857566,239.93344417851088
2017-02-10 06:00:00,3.0,82.04242285496761,-75.84859846857566,239.93344417851088
2017-02-10 07:00:00,7.0,82.04242285496761,-75.84859846857566,239.93344417851088
2017-02-10 08:00:00,6.0,82.04242285496761,-75.84859846857566,239.93344417851088
2017-02-10 09:00:00,7.0,82.04242285496761,-75.84859846857566,239.93344417851088
2017-02-10 10:00:00,10.0,82.04242285496761,-75.84859846857566,239.93344417851088
2017-02-10 11:00:00,9.0,82.04242285496761,-75.84859846857566,239.93344417851088
2017-02-10 12:00:00,5.0,82.04242285496761,-75.84859846857566,239.93344417851088
2017-02-10 13:00:00,9.0,82.04242285496761,-75.84859846857566,239.93344417851088
2017-02-10 14:00:00,7.0,82.04242285496761,-75.84859846857566,239.93344417851088
2017-02-10 15:00:00,6.0,82.04242285496761,-75.84859846857566,239.93344417851088
2017-02-10 16:00:00,9.0,82.04242285496761,-75.84859846857566,239.93344417851088
2017-02-10 17:00:00,6.0,82.04242285496761,-75.84859846857566,239.93344417851088
2017-02-10 18:00:00,8.0,82.04242285496761,-75.84859846857566,239.93344417851088
2017-02-10 19:00:00,6.0,82.04242285496761,-75.84859846857566,239.93344417851088
2017-02-10 20:00:00,9.0,82.04242285496761,-75.84859846857566,239.93344417851088
2017-02-10 21:00:00,7.0,82.04242285496761,-75.84859846857566,239.93344417851088
2017-02-10 22:00:00,8.0,82.04242285496761,-75.84859846857566,239.93344417851088
2017-02-10 23:00:00,13.0,82.04242285496761,-75.84859846857566,239.93344417851088
2017-02-11 00:00:00,9.0,82.04242285496761,-75.84859846857566,239.93344417851088
2017-02-11 01:00:00,12.0,82.04242285496761,-75.84859846857566,239.93344417851088
2017-02-11 02:00:00,11.0,82.04242285496761,-75.84859846857566,239.93344417851088
2017-02-11 03:00:00,11.0,82.04242285496761,-75.84859846857566,239.93344417851088
2017-02-11 04:00:00,19.0,82.04242285496761,-75.84859846857566,239.93344417851088
2017-02-11 05:00:00,18.0,82.04242285496761,-75.84859846857566,239.93344417851088
2017-02-11 06:00:00,15.0,82.04242285496761,-75.84859846857566,239.93344417851088
2017-02-11 07:00:00,11.0,82.04242285496761,-75.84859846857566,239.93344417851088
2017-02-11 08:00:00,13.0,82.04242285496761,-75.84859846857566,239.93344417851088
2017-02-11 09:00:00,22.0,82.04242285496761,-75.84859846857566,239.93344417851088
2017-02-11 10:00:00,19.0,82.04242285496761,-75.84859846857566,239.93344417851088
2017-02-11 11:00:00,17.0,82.04242285496761,-75.84859846857566,239.93344417851088
2017-02-11 12:00:00,14.0,82.04242285496761,-75.84859846857566,239.93344417851088
2017-02-11 13:00:00,10.0,82.04242285496761,-75.84859846857566,239.93344417851088
2017-02-11 14:00:00,3.0,82.04242285496761,-75.84859846857566,239.93344417851088
2017-02-11 15:00:00,14.0,82.04242285496761,-75.84859846857566,239.93344417851088
2017-02-11 16:00:00,13.0,82.04242285496761,-75.84859846857566,239.93344417851088
2017-02-11 17:00:00,30.0,82.04242285496761,-75.84859846857566,239.93344417851088
2017-02-11 18:00:00,49.0,82.04242285496761,-75.84859846857566,239.93344417851088
2017-02-11 19:00:00,56.0,82.04242285496761,-75.84859846857566,239.93344417851088
2017-02-11 20:00:00,90.0,82.04242285496761,-75.84859846857566,239.93344417851088
2017-02-11 21:00:00,139.0,82.04242285496761,-75.84859846857566,239.93344417851088
2017-02-11 22:00:00,185.0,82.04242285496761,-75.84859846857566,239.93344417851088
2017-02-11 23:00:00,237.0,82.04242285496761,-75.84859846857566,239.93344417851088
2017-02-12 00:00:00,220.0,82.04242285496761,-75.84859846857566,239.93344417851088
2017-02-12 01:00:00,214.0,82.04242285496761,-75.84859846857566,239.93344417851088
2017-02-12 02:00:00,113.0,82.04242285496761,-75.84859846857566,239.93344417851088
2017-02-12 03:00:00,101.0,82.04242285496761,-75.84859846857566,239.93344417851088
2017-02-12 04:00:00,46.0,82.04242285496761,-75.84859846857566,239.93344417851088
2017-02-12 05:00:00,31.0,82.04242285496761,-75.84859846857566,239.93344417851088
2017-02-12 06:00:00,30.0,82.04242285496761,-75.84859846857566,239.93344417851088
2017-02-12 07:00:00,44.0,82.04242285496761,-75.84859846857566,239.93344417851088
2017-02-12 08:00:00,60.0,82.04242285496761,-75.84859846857566,239.93344417851088
2017-02-12 09:00:00,69.0,82.04242285496761,-75.84859846857566,239.93344417851088
2017-02-12 10:00:00,93.0,82.04242285496761,-75.84859846857566,239.93344417851088
2017-02-12 11:00:00,126.0,82.04242285496761,-75.84859846857566,239.93344417851088
2017-02-12 12:00:00,118.0,82.04242285496761,-75.84859846857566,239.93344417851088
2017-02-12 13:00:00,116.0,82.04242285496761,-75.84859846857566,239.93344417851088
2017-02-12 14:00:00,114.0,82.04242285496761,-75.84859846857566,239.93344417851088
2017-02-12 15:00:00,98.0,82.04242285496761,-75.84859846857566,239.93344417851088
2017-02-12 16:00:00,109.0,82.04242285496761,-75.84859846857566,239.93344417851088
2017-02-12 17:00:00,97.0,82.04242285496761,-75.84859846857566,239.93344417851088
2017-02-12 18:00:00,107.0,82.04242285496761,-75.84859846857566,239.93344417851088
2017-02-12 19:00:00,113.0,82.04242285496761,-75.84859846857566,239.93344417851088
2017-02-12 20:00:00,102.0,82.04242285496761,-75.84859846857566,239.93344417851088
2017-02-12 21:00:00,122.0,82.04242285496761,-75.84859846857566,239.93344417851088
2017-02-12 22:00:00,129.0,82.04242285496761,-75.84859846857566,239.93344417851088
2017-02-12 23:00:00,135.0,82.04242285496761,-75.84859846857566,239.93344417851088
2017-02-13 00:00:00,151.0,82.04242285496761,-75.84859846857566,239.93344417851088
2017-02-13 01:00:00,191.0,82.04242285496761,-75.84859846857566,239.93344417851088
2017-02-13 02:00:00,198.0,82.04242285496761,-75.84859846857566,239.93344417851088
2017-02-13 03:00:00,198.0,82.04242285496761,-75.84859846857566,239.93344417851088
2017-02-13 04:00:00,178.0,82.04242285496761,-75.84859846857566,239.93344417851088
2017-02-13 05:00:00,131.0,82.04242285496761,-75.84859846857566,239.93344417851088
2017-02-13 06:00:00,134.0,82.04242285496761,-75.84859846857566,239.93344417851088
2017-02-13 07:00:00,119.0,82.04242285496761,-75.84859846857566,239.93344417851088
2017-02-13 08:00:00,73.0,82.04242285496761,-75.84859846857566,239.93344417851088
2017-02-13 09:00:00,72.0,82.04242285496761,-75.84859846857566,239.93344417851088
2017-02-13 10:00:00,65.0,82.04242285496761,-75.84859846857566,239.93344417851088
2017-02-13 11:00:00,45.0,82.04242285496761,-75.84859846857566,239.93344417851088
2017-02-13 12:00:00,29.0,82.04242285496761,-75.84859846857566,239.93344417851088
2017-02-13 13:00:00,15.0,82.04242285496761,-75.84859846857566,239.93344417851088
2017-02-13 14:00:00,14.0,82.04242285496761,-75.84859846857566,239.93344417851088
2017-02-13 15:00:00,16.0,82.04242285496761,-75.84859846857566,239.93344417851088
2017-02-13 16:00:00,18.0,82.04242285496761,-75.84859846857566,239.93344417851088
2017-02-13 17:00:00,21.0,82.04242285496761,-75.84859846857566,239.93344417851088
2017-02-13 18:00:00,24.0,82.04242285496761,-75.84859846857566,239.93344417851088
2017-02-13 19:00:00,24.0,82.04242285496761,-75.84859846857566,239.93344417851088
2017-02-13 20:00:00,89.0,82.04242285496761,-75.84859846857566,239.93344417851088
2017-02-13 21:00:00,101.0,82.04242285496761,-75.84859846857566,239.93344417851088
2017-02-13 22:00:00,144.0,82.04242285496761,-75.84859846857566,239.93344417851088
2017-02-13 23:00:00,180.0,82.04242285496761,-75.84859846857566,239.93344417851088
2017-02-14 00:00:00,159.0,82.04242285496761,-75.84859846857566,239.93344417851088
2017-02-14 01:00:00,137.0,82.04242285496761,-75.84859846857566,239.93344417851088
2017-02-14 02:00:00,144.0,82.04242285496761,-75.84859846857566,239.93344417851088
2017-02-14 03:00:00,149.0,82.04242285496761,-75.84859846857566,239.93344417851088
2017-02-14 04:00:00,148.0,82.04242285496761,-75.84859846857566,239.93344417851088
2017-02-14 05:00:00,148.0,82.04242285496761,-75.84859846857566,239.93344417851088
2017-02-14 06:00:00,139.0,82.04242285496761,-75.84859846857566,239.93344417851088
2017-02-14 07:00:00,151.0,82.04242285496761,-75.84859846857566,239.93344417851088
2017-02-14 08:00:00,148.0,82.04242285496761,-75.84859846857566,239.93344417851088
2017-02-14 09:00:00,140.0,82.04242285496761,-75.84859846857566,239.93344417851088
2017-02-14 10:00:00,149.0,82.04242285496761,-75.84859846857566,239.93344417851088
2017-02-14 11:00:00,170.0,82.04242285496761,-75.84859846857566,239.93344417851088
2017-02-14 12:00:00,196.0,82.04242285496761,-75.84859846857566,239.93344417851088
2017-02-14 13:00:00,198.0,82.04242285496761,-75.84859846857566,239.93344417851088
2017-02-14 14:00:00,215.0,82.04242285496761,-75.84859846857566,239.93344417851088
2017-02-14 15:00:00,213.0,82.04242285496761,-75.84859846857566,239.93344417851088
2017-02-14 16:00:00,214.0,82.04242285496761,-75.84859846857566,239.93344417851088
2017-02-14 17:00:00,210.0,82.04242285496761,-75.84859846857566,239.93344417851088
2017-02-14 18:00:00,205.0,82.04242285496761,-75.84859846857566,239.93344417851088
2017-02-14 19:00:00,210.0,82.04242285496761,-75.84859846857566,239.93344417851088
2017-02-14 20:00:00,211.0,82.04242285496761,-75.84859846857566,239.93344417851088
2017-02-14 21:00:00,227.0,82.04242285496761,-75.84859846857566,239.93344417851088
2017-02-14 22:00:00,247.0,82.04242285496761,-75.84859846857566,239.93344417851088
2017-02-14 23:00:00,260.0,82.04242285496761,-75.84859846857566,239.93344417851088
2017-02-15 00:00:00,277.0,82.04242285496761,-75.84859846857566,239.93344417851088
2017-02-15 01:00:00,261.0,82.04242285496761,-75.84859846857566,239.93344417851088
2017-02-15 02:00:00,244.0,82.04242285496761,-75.84859846857566,239.93344417851088
2017-02-15 03:00:00,236.0,82.04242285496761,-75.84859846857566,239.93344417851088
2017-02-15 04:00:00,225.0,82.04242285496761,-75.84859846857566,239.93344417851088
2017-02-15 05:00:00,240.0,82.04242285496761,-75.84859846857566,239.93344417851088
2017-02-15 06:00:00,241.0,82.04242285496761,-75.84859846857566,239.93344417851088
2017-02-15 07:00:00,230.0,82.04242285496761,-75.84859846857566,239.93344417851088
2017-02-15 08:00:00,232.0,82.04242285496761,-75.84859846857566,239.93344417851088
2017-02-15 09:00:00,234.0,82.04242285496761,-75.84859846857566,239.93344417851088
2017-02-15 10:00:00,245.0,82.04242285496761,-75.84859846857566,239.93344417851088
2017-02-15 11:00:00,249.0,82.04242285496761,-75.84859846857566,239.93344417851088
2017-02-15 12:00:00,265.0,82.04242285496761,-75.84859846857566,239.93344417851088
2017-02-15 13:00:00,229.0,82.04242285496761,-75.84859846857566,239.93344417851088
2017-02-15 14:00:00,3.0,82.04242285496761,-75.84859846857566,239.93344417851088
2017-02-15 15:00:00,3.0,82.04242285496761,-75.84859846857566,239.93344417851088
2017-02-15 16:00:00,173.0,82.04242285496761,-75.84859846857566,239.93344417851088
2017-02-15 17:00:00,253.0,82.04242285496761,-75.84859846857566,239.93344417851088
2017-02-15 18:00:00,269.0,82.04242285496761,-75.84859846857566,239.93344417851088
2017-02-15 19:00:00,275.0,82.04242285496761,-75.84859846857566,239.93344417851088
2017-02-15 20:00:00,285.0,82.04242285496761,-75.84859846857566,239.93344417851088
2017-02-15 21:00:00,255.0,82.04242285496761,-75.84859846857566,239.93344417851088
2017-02-15 22:00:00,263.0,82.04242285496761,-75.84859846857566,239.93344417851088
2017-02-15 23:00:00,276.0,82.04242285496761,-75.84859846857566,239.93344417851088
2017-02-16 00:00:00,295.0,82.04242285496761,-75.84859846857566,239.93344417851088
2017-02-16 01:00:00,299.0,82.04242285496761,-75.84859846857566,239.93344417851088
2017-02-16 02:00:00,285.0,82.04242285496761,-75.84859846857566,239.93344417851088
2017-02-16 03:00:00,277.0,82.04242285496761,-75.84859846857566,239.93344417851088
2017-02-16 04:00:00,284.0,82.04242285496761,-75.84859846857566,239.93344417851088
2017-02-16 05:00:00,275.0,82.04242285496761,-75.84859846857566,239.93344417851088
2017-02-16 06:00:00,270.0,82.04242285496761,-75.84859846857566,239.93344417851088
2017-02-16 07:00:00,270.0,82.04242285496761,-75.84859846857566,239.93344417851088
2017-02-16 08:00:00,236.0,82.04242285496761,-75.84859846857566,239.93344417851088
2017-02-16 09:00:00,185.0,82.04242285496761,-75.84859846857566,239.93344417851088
2017-02-16 10:00:00,82.0,82.04242285496761,-75.84859846857566,239.93344417851088
2017-02-16 11:00:00,41.0,82.04242285496761,-75.84859846857566,239.93344417851088
2017-02-16 12:00:00,14.0,82.04242285496761,-75.84859846857566,239.93344417851088
2017-02-16 13:00:00,15.0,82.04242285496761,-75.84859846857566,239.93344417851088
2017-02-16 14:00:00,11.0,82.04242285496761,-75.84859846857566,239.93344417851088
2017-02-16 15:00:00,4.0,82.04242285496761,-75.84859846857566,239.93344417851088
2017-02-16 16:00:00,10.0,82.04242285496761,-75.84859846857566,239.93344417851088
2017-02-16 17:00:00,14.0,82.04242285496761,-75.84859846857566,239.93344417851088
2017-02-16 18:00:00,9.0,82.04242285496761,-75.84859846857566,239.93344417851088
2017-02-16 19:00:00,9.0,82.04242285496761,-75.84859846857566,239.93344417851088
2017-02-16 20:00:00,11.0,82.04242285496761,-75.84859846857566,239.93344417851088
2017-02-16 21:00:00,8.0,82.04242285496761,-75.84859846857566,239.93344417851088
2017-02-16 22:00:00,8.0,82.04242285496761,-75.84859846857566,239.93344417851088
2017-02-16 23:00:00,5.0,82.04242285496761,-75.84859846857566,239.93344417851088
2017-02-17 00:00:00,6.0,82.04242285496761,-75.84859846857566,239.93344417851088
2017-02-17 01:00:00,6.0,82.04242285496761,-75.84859846857566,239.93344417851088
2017-02-17 02:00:00,5.0,82.04242285496761,-75.84859846857566,239.93344417851088
2017-02-17 03:00:00,7.0,82.04242285496761,-75.84859846857566,239.93344417851088
2017-02-17 04:00:00,10.0,82.04242285496761,-75.84859846857566,239.93344417851088
2017-02-17 05:00:00,9.0,82.04242285496761,-75.84859846857566,239.93344417851088
2017-02-17 06:00:00,10.0,82.04242285496761,-75.84859846857566,239.93344417851088
2017-02-17 07:00:00,9.0,82.04242285496761,-75.84859846857566,239.93344417851088
2017-02-17 08:00:00,9.0,82.04242285496761,-75.84859846857566,239.93344417851088
2017-02-17 09:00:00,9.0,82.04242285496761,-75.84859846857566,239.93344417851088
2017-02-17 10:00:00,8.0,82.04242285496761,-75.84859846857566,239.93344417851088
2017-02-17 11:00:00,6.0,82.04242285496761,-75.84859846857566,239.93344417851088
2017-02-17 12:00:00,8.0,82.04242285496761,-75.84859846857566,239.93344417851088
2017-02-17 13:00:00,8.0,82.04242285496761,-75.84859846857566,239.93344417851088
2017-02-17 14:00:00,6.0,82.04242285496761,-75.84859846857566,239.93344417851088
2017-02-17 15:00:00,7.0,82.04242285496761,-75.84859846857566,239.93344417851088
2017-02-17 16:00:00,9.0,82.04242285496761,-75.84859846857566,239.93344417851088
2017-02-17 17:00:00,27.0,82.04242285496761,-75.84859846857566,239.93344417851088
2017-02-17 18:00:00,49.0,82.04242285496761,-75.84859846857566,239.93344417851088
2017-02-17 19:00:00,64.0,82.04242285496761,-75.84859846857566,239.93344417851088
2017-02-17 20:00:00,57.0,82.04242285496761,-75.84859846857566,239.93344417851088
2017-02-17 21:00:00,53.0,82.04242285496761,-75.84859846857566,239.93344417851088
2017-02-17 22:00:00,52.0,82.04242285496761,-75.84859846857566,239.93344417851088
2017-02-17 23:00:00,50.0,82.04242285496761,-75.84859846857566,239.93344417851088
2017-02-18 00:00:00,56.0,82.04242285496761,-75.84859846857566,239.93344417851088
2017-02-18 01:00:00,67.0,82.04242285496761,-75.84859846857566,239.93344417851088
2017-02-18 02:00:00,71.0,82.04242285496761,-75.84859846857566,239.93344417851088
2017-02-18 03:00:00,87.0,82.04242285496761,-75.84859846857566,239.93344417851088
2017-02-18 04:00:00,80.0,82.04242285496761,-75.84859846857566,239.93344417851088
2017-02-18 05:00:00,74.0,82.04242285496761,-75.84859846857566,239.93344417851088
2017-02-18 06:00:00,74.0,82.04242285496761,-75.84859846857566,239.93344417851088
2017-02-18 07:00:00,71.0,82.04242285496761,-75.84859846857566,239.93344417851088
2017-02-18 08:00:00,70.0,82.04242285496761,-75.84859846857566,239.93344417851088
2017-02-18 09:00:00,79.0,82.04242285496761,-75.84859846857566,239.93344417851088
2017-02-18 10:00:00,75.0,82.04242285496761,-75.84859846857566,239.93344417851088
2017-02-18 11:00:00,89.0,82.04242285496761,-75.84859846857566,239.93344417851088
2017-02-18 12:00:00,94.0,82.04242285496761,-75.84859846857566,239.93344417851088
2017-02-18 13:00:00,91.0,82.04242285496761,-75.84859846857566,239.93344417851088
2017-02-18 14:00:00,87.0,82.04242285496761,-75.84859846857566,239.93344417851088
2017-02-18 15:00:00,87.0,82.04242285496761,-75.84859846857566,239.93344417851088
2017-02-18 16:00:00,92.0,82.04242285496761,-75.84859846857566,239.93344417851088
2017-02-18 17:00:00,75.0,82.04242285496761,-75.84859846857566,239.93344417851088
2017-02-18 18:00:00,62.0,82.04242285496761,-75.84859846857566,239.93344417851088
2017-02-18 19:00:00,75.0,82.04242285496761,-75.84859846857566,239.93344417851088
2017-02-18 20:00:00,90.0,82.04242285496761,-75.84859846857566,239.93344417851088
2017-02-18 21:00:00,103.0,82.04242285496761,-75.84859846857566,239.93344417851088
2017-02-18 22:00:00,108.0,82.04242285496761,-75.84859846857566,239.93344417851088
2017-02-18 23:00:00,123.0,82.04242285496761,-75.84859846857566,239.93344417851088
2017-02-19 00:00:00,129.0,82.04242285496761,-75.84859846857566,239.93344417851088
2017-02-19 01:00:00,134.0,82.04242285496761,-75.84859846857566,239.93344417851088
2017-02-19 02:00:00,144.0,82.04242285496761,-75.84859846857566,239.93344417851088
2017-02-19 03:00:00,161.0,82.04242285496761,-75.84859846857566,239.93344417851088
2017-02-19 04:00:00,169.0,82.04242285496761,-75.84859846857566,239.93344417851088
2017-02-19 05:00:00,170.0,82.04242285496761,-75.84859846857566,239.93344417851088
2017-02-19 06:00:00,167.0,82.04242285496761,-75.84859846857566,239.93344417851088
2017-02-19 07:00:00,168.0,82.04242285496761,-75.84859846857566,239.93344417851088
2017-02-19 08:00:00,169.0,82.04242285496761,-75.84859846857566,239.93344417851088
2017-02-19 09:00:00,162.0,82.04242285496761,-75.84859846857566,239.93344417851088
2017-02-19 10:00:00,162.0,82.04242285496761,-75.84859846857566,239.93344417851088
2017-02-19 11:00:00,169.0,82.04242285496761,-75.84859846857566,239.93344417851088
2017-02-19 12:00:00,195.0,82.04242285496761,-75.84859846857566,239.93344417851088
2017-02-19 13:00:00,189.0,82.04242285496761,-75.84859846857566,239.93344417851088
2017-02-19 14:00:00,168.0,82.04242285496761,-75.84859846857566,239.93344417851088
2017-02-19 15:00:00,91.0,82.04242285496761,-75.84859846857566,239.93344417851088
2017-02-19 16:00:00,17.0,82.04242285496761,-75.84859846857566,239.93344417851088
2017-02-19 17:00:00,13.0,82.04242285496761,-75.84859846857566,239.93344417851088
2017-02-19 18:00:00,7.0,82.04242285496761,-75.84859846857566,239.93344417851088
2017-02-19 19:00:00,7.0,82.04242285496761,-75.84859846857566,239.93344417851088
2017-02-19 20:00:00,12.0,82.04242285496761,-75.84859846857566,239.93344417851088
2017-02-19 21:00:00,6.0,82.04242285496761,-75.84859846857566,239.93344417851088
2017-02-19 22:00:00,8.0,82.04242285496761,-75.84859846857566,239.93344417851088
2017-02-19 23:00:00,5.0,82.04242285496761,-75.84859846857566,239.93344417851088
2017-02-20 00:00:00,5.0,82.04242285496761,-75.84859846857566,239.93344417851088
2017-02-20 01:00:00,3.0,82.04242285496761,-75.84859846857566,239.93344417851088
2017-02-20 02:00:00,6.0,82.04242285496761,-75.84859846857566,239.93344417851088
2017-02-20 03:00:00,3.0,82.04242285496761,-75.84859846857566,239.93344417851088
2017-02-20 04:00:00,4.0,82.04242285496761,-75.84859846857566,239.93344417851088
2017-02-20 05:00:00,8.0,82.04242285496761,-75.84859846857566,239.93344417851088
2017-02-20 06:00:00,6.0,82.04242285496761,-75.84859846857566,239.93344417851088
2017-02-20 07:00:00,3.0,82.04242285496761,-75.84859846857566,239.93344417851088
2017-02-20 08:00:00,5.0,82.04242285496761,-75.84859846857566,239.93344417851088
2017-02-20 09:00:00,3.0,82.04242285496761,-75.84859846857566,239.93344417851088
2017-02-20 10:00:00,8.0,82.04242285496761,-75.84859846857566,239.93344417851088
2017-02-20 11:00:00,9.0,82.04242285496761,-75.84859846857566,239.93344417851088
2017-02-20 12:00:00,8.0,82.04242285496761,-75.84859846857566,239.93344417851088
2017-02-20 13:00:00,7.0,82.04242285496761,-75.84859846857566,239.93344417851088
2017-02-20 14:00:00,12.0,82.04242285496761,-75.84859846857566,239.93344417851088
2017-02-20 15:00:00,11.333333333333334,82.04242285496761,-75.84859846857566,239.93344417851088
2017-02-20 16:00:00,10.666666666666666,82.04242285496761,-75.84859846857566,239.93344417851088
2017-02-20 17:00:00,10.0,82.04242285496761,-75.84859846857566,239.93344417851088
2017-02-20 18:00:00,12.5,82.04242285496761,-75.84859846857566,239.93344417851088
2017-02-20 19:00:00,15.0,82.04242285496761,-75.84859846857566,239.93344417851088
2017-02-20 20:00:00,16.0,82.04242285496761,-75.84859846857566,239.93344417851088
2017-02-20 21:00:00,20.0,82.04242285496761,-75.84859846857566,239.93344417851088
2017-02-20 22:00:00,25.0,82.04242285496761,-75.84859846857566,239.93344417851088
2017-02-20 23:00:00,28.0,82.04242285496761,-75.84859846857566,239.93344417851088
2017-02-21 00:00:00,34.0,82.04242285496761,-75.84859846857566,239.93344417851088
2017-02-21 01:00:00,40.0,82.04242285496761,-75.84859846857566,239.93344417851088
2017-02-21 02:00:00,46.0,82.04242285496761,-75.84859846857566,239.93344417851088
2017-02-21 03:00:00,50.0,82.04242285496761,-75.84859846857566,239.93344417851088
2017-02-21 04:00:00,63.333333333333336,82.04242285496761,-75.84859846857566,239.93344417851088
2017-02-21 05:00:00,76.66666666666667,82.04242285496761,-75.84859846857566,239.93344417851088
2017-02-21 06:00:00,90.0,82.04242285496761,-75.84859846857566,239.93344417851088
2017-02-21 07:00:00,84.66666666666667,82.04242285496761,-75.84859846857566,239.93344417851088
2017-02-21 08:00:00,79.33333333333333,82.04242285496761,-75.84859846857566,239.93344417851088
2017-02-21 09:00:00,74.0,82.04242285496761,-75.84859846857566,239.93344417851088
2017-02-21 10:00:00,102.0,82.04242285496761,-75.84859846857566,239.93344417851088
2017-02-21 11:00:00,96.5,82.04242285496761,-75.84859846857566,239.93344417851088
2017-02-21 12:00:00,91.0,82.04242285496761,-75.84859846857566,239.93344417851088
2017-02-21 13:00:00,66.5,82.04242285496761,-75.84859846857566,239.93344417851088
2017-02-21 14:00:00,42.0,82.04242285496761,-75.84859846857566,239.93344417851088
2017-02-21 15:00:00,40.0,82.04242285496761,-75.84859846857566,239.93344417851088
2017-02-21 16:00:00,28.0,82.04242285496761,-75.84859846857566,239.93344417851088
2017-02-21 17:00:00,21.0,82.04242285496761,-75.84859846857566,239.93344417851088
2017-02-21 18:00:00,29.0,82.04242285496761,-75.84859846857566,239.93344417851088
2017-02-21 19:00:00,31.0,82.04242285496761,-75.84859846857566,239.93344417851088
2017-02-21 20:00:00,47.0,82.04242285496761,-75.84859846857566,239.93344417851088
2017-02-21 21:00:00,67.0,82.04242285496761,-75.84859846857566,239.93344417851088
2017-02-21 22:00:00,60.0,82.04242285496761,-75.84859846857566,239.93344417851088
2017-02-21 23:00:00,62.0,82.04242285496761,-75.84859846857566,239.93344417851088
2017-02-22 00:00:00,55.0,82.04242285496761,-75.84859846857566,239.93344417851088
2017-02-22 01:00:00,70.0,82.04242285496761,-75.84859846857566,239.93344417851088
2017-02-22 02:00:00,81.0,82.04242285496761,-75.84859846857566,239.93344417851088
2017-02-22 03:00:00,88.0,82.04242285496761,-75.84859846857566,239.93344417851088
2017-02-22 04:00:00,86.0,82.04242285496761,-75.84859846857566,239.93344417851088
2017-02-22 05:00:00,86.0,82.04242285496761,-75.84859846857566,239.93344417851088
2017-02-22 06:00:00,91.0,82.04242285496761,-75.84859846857566,239.93344417851088
2017-02-22 07:00:00,95.0,82.04242285496761,-75.84859846857566,239.93344417851088
2017-02-22 08:00:00,95.0,82.04242285496761,-75.84859846857566,239.93344417851088
2017-02-22 09:00:00,108.0,82.04242285496761,-75.84859846857566,239.93344417851088
2017-02-22 10:00:00,114.0,82.04242285496761,-75.84859846857566,239.93344417851088
2017-02-22 11:00:00,131.0,82.04242285496761,-75.84859846857566,239.93344417851088
2017-02-22 12:00:00,142.0,82.04242285496761,-75.84859846857566,239.93344417851088
2017-02-22 13:00:00,139.0,82.04242285496761,-75.84859846857566,239.93344417851088
2017-02-22 14:00:00,147.0,82.04242285496761,-75.84859846857566,239.93344417851088
2017-02-22 15:00:00,145.0,82.04242285496761,-75.84859846857566,239.93344417851088
2017-02-22 16:00:00,131.0,82.04242285496761,-75.84859846857566,239.93344417851088
2017-02-22 17:00:00,28.0,82.04242285496761,-75.84859846857566,239.93344417851088
2017-02-22 18:00:00,11.0,82.04242285496761,-75.84859846857566,239.93344417851088
2017-02-22 19:00:00,10.0,82.04242285496761,-75.84859846857566,239.93344417851088
2017-02-22 20:00:00,14.0,82.04242285496761,-75.84859846857566,239.93344417851088
2017-02-22 21:00:00,14.0,82.04242285496761,-75.84859846857566,239.93344417851088
2017-02-22 22:00:00,15.0,82.04242285496761,-75.84859846857566,239.93344417851088
2017-02-22 23:00:00,12.0,82.04242285496761,-75.84859846857566,239.93344417851088
2017-02-23 00:00:00,13.0,82.04242285496761,-75.84859846857566,239.93344417851088
2017-02-23 01:00:00,15.0,82.04242285496761,-75.84859846857566,239.93344417851088
2017-02-23 02:00:00,11.0,82.04242285496761,-75.84859846857566,239.93344417851088
2017-02-23 03:00:00,12.0,82.04242285496761,-75.84859846857566,239.93344417851088
2017-02-23 04:00:00,15.0,82.04242285496761,-75.84859846857566,239.93344417851088
2017-02-23 05:00:00,13.0,82.04242285496761,-75.84859846857566,239.93344417851088
2017-02-23 06:00:00,13.0,82.04242285496761,-75.84859846857566,239.93344417851088
2017-02-23 07:00:00,11.0,82.04242285496761,-75.84859846857566,239.93344417851088
2017-02-23 08:00:00,15.0,82.04242285496761,-75.84859846857566,239.93344417851088
2017-02-23 09:00:00,12.0,82.04242285496761,-75.84859846857566,239.93344417851088
2017-02-23 10:00:00,11.0,82.04242285496761,-75.84859846857566,239.93344417851088
2017-02-23 11:00:00,13.0,82.04242285496761,-75.84859846857566,239.93344417851088
2017-02-23 12:00:00,13.0,82.04242285496761,-75.84859846857566,239.93344417851088
2017-02-23 13:00:00,12.0,82.04242285496761,-75.84859846857566,239.93344417851088
2017-02-23 14:00:00,3.0,82.04242285496761,-75.84859846857566,239.93344417851088
2017-02-23 15:00:00,18.0,82.04242285496761,-75.84859846857566,239.93344417851088
2017-02-23 16:00:00,31.0,82.04242285496761,-75.84859846857566,239.93344417851088
2017-02-23 17:00:00,23.0,82.04242285496761,-75.84859846857566,239.93344417851088
2017-02-23 18:00:00,10.0,82.04242285496761,-75.84859846857566,239.93344417851088
2017-02-23 19:00:00,6.0,82.04242285496761,-75.84859846857566,239.93344417851088
2017-02-23 20:00:00,33.0,82.04242285496761,-75.84859846857566,239.93344417851088
2017-02-23 21:00:00,26.0,82.04242285496761,-75.84859846857566,239.93344417851088
2017-02-23 22:00:00,30.0,82.04242285496761,-75.84859846857566,239.93344417851088
2017-02-23 23:00:00,45.0,82.04242285496761,-75.84859846857566,239.93344417851088
2017-02-24 00:00:00,46.0,82.04242285496761,-75.84859846857566,239.93344417851088
2017-02-24 01:00:00,48.0,82.04242285496761,-75.84859846857566,239.93344417851088
2017-02-24 02:00:00,36.0,82.04242285496761,-75.84859846857566,239.93344417851088
2017-02-24 03:00:00,36.0,82.04242285496761,-75.84859846857566,239.93344417851088
2017-02-24 04:00:00,28.0,82.04242285496761,-75.84859846857566,239.93344417851088
2017-02-24 05:00:00,23.0,82.04242285496761,-75.84859846857566,239.93344417851088
2017-02-24 06:00:00,16.0,82.04242285496761,-75.84859846857566,239.93344417851088
2017-02-24 07:00:00,20.0,82.04242285496761,-75.84859846857566,239.93344417851088
2017-02-24 08:00:00,20.0,82.04242285496761,-75.84859846857566,239.93344417851088
2017-02-24 09:00:00,26.0,82.04242285496761,-75.84859846857566,239.93344417851088
2017-02-24 10:00:00,23.0,82.04242285496761,-75.84859846857566,239.93344417851088
2017-02-24 11:00:00,22.0,82.04242285496761,-75.84859846857566,239.93344417851088
2017-02-24 12:00:00,21.0,82.04242285496761,-75.84859846857566,239.93344417851088
2017-02-24 13:00:00,16.0,82.04242285496761,-75.84859846857566,239.93344417851088
2017-02-24 14:00:00,16.0,82.04242285496761,-75.84859846857566,239.93344417851088
2017-02-24 15:00:00,18.0,82.04242285496761,-75.84859846857566,239.93344417851088
2017-02-24 16:00:00,11.0,82.04242285496761,-75.84859846857566,239.93344417851088
2017-02-24 17:00:00,11.0,82.04242285496761,-75.84859846857566,239.93344417851088
2017-02-24 18:00:00,9.0,82.04242285496761,-75.84859846857566,239.93344417851088
2017-02-24 19:00:00,11.0,82.04242285496761,-75.84859846857566,239.93344417851088
2017-02-24 20:00:00,10.0,82.04242285496761,-75.84859846857566,239.93344417851088
2017-02-24 21:00:00,14.0,82.04242285496761,-75.84859846857566,239.93344417851088
2017-02-24 22:00:00,18.0,82.04242285496761,-75.84859846857566,239.93344417851088
2017-02-24 23:00:00,18.0,82.04242285496761,-75.84859846857566,239.93344417851088
2017-02-25 00:00:00,12.0,82.04242285496761,-75.84859846857566,239.93344417851088
2017-02-25 01:00:00,7.0,82.04242285496761,-75.84859846857566,239.93344417851088
2017-02-25 02:00:00,11.0,82.04242285496761,-75.84859846857566,239.93344417851088
2017-02-25 03:00:00,7.0,82.04242285496761,-75.84859846857566,239.93344417851088
2017-02-25 04:00:00,13.0,82.04242285496761,-75.84859846857566,239.93344417851088
2017-02-25 05:00:00,13.0,82.04242285496761,-75.84859846857566,239.93344417851088
2017-02-25 06:00:00,3.0,82.04242285496761,-75.84859846857566,239.93344417851088
2017-02-25 07:00:00,11.0,82.04242285496761,-75.84859846857566,239.93344417851088
2017-02-25 08:00:00,5.0,82.04242285496761,-75.84859846857566,239.93344417851088
2017-02-25 09:00:00,7.0,82.04242285496761,-75.84859846857566,239.93344417851088
2017-02-25 10:00:00,17.0,82.04242285496761,-75.84859846857566,239.93344417851088
2017-02-25 11:00:00,9.0,82.04242285496761,-75.84859846857566,239.93344417851088
2017-02-25 12:00:00,12.0,82.04242285496761,-75.84859846857566,239.93344417851088
2017-02-25 13:00:00,7.0,82.04242285496761,-75.84859846857566,239.93344417851088
2017-02-25 14:00:00,10.0,82.04242285496761,-75.84859846857566,239.93344417851088
2017-02-25 15:00:00,8.0,82.04242285496761,-75.84859846857566,239.93344417851088
2017-02-25 16:00:00,9.0,82.04242285496761,-75.84859846857566,239.93344417851088
2017-02-25 17:00:00,11.0,82.04242285496761,-75.84859846857566,239.93344417851088
2017-02-25 18:00:00,14.0,82.04242285496761,-75.84859846857566,239.93344417851088
2017-02-25 19:00:00,14.0,82.04242285496761,-75.84859846857566,239.93344417851088
2017-02-25 20:00:00,17.0,82.04242285496761,-75.84859846857566,239.93344417851088
2017-02-25 21:00:00,12.0,82.04242285496761,-75.84859846857566,239.93344417851088
2017-02-25 22:00:00,25.0,82.04242285496761,-75.84859846857566,239.93344417851088
2017-02-25 23:00:00,15.0,82.04242285496761,-75.84859846857566,239.93344417851088
2017-02-26 00:00:00,24.0,82.04242285496761,-75.84859846857566,239.93344417851088
2017-02-26 01:00:00,22.0,82.04242285496761,-75.84859846857566,239.93344417851088
2017-02-26 02:00:00,19.0,82.04242285496761,-75.84859846857566,239.93344417851088
2017-02-26 03:00:00,18.0,82.04242285496761,-75.84859846857566,239.93344417851088
2017-02-26 04:00:00,18.0,82.04242285496761,-75.84859846857566,239.93344417851088
2017-02-26 05:00:00,25.0,82.04242285496761,-75.84859846857566,239.93344417851088
2017-02-26 06:00:00,30.0,82.04242285496761,-75.84859846857566,239.93344417851088
2017-02-26 07:00:00,32.0,82.04242285496761,-75.84859846857566,239.93344417851088
2017-02-26 08:00:00,30.0,82.04242285496761,-75.84859846857566,239.93344417851088
2017-02-26 09:00:00,19.0,82.04242285496761,-75.84859846857566,239.93344417851088
2017-02-26 10:00:00,20.0,82.04242285496761,-75.84859846857566,239.93344417851088
2017-02-26 11:00:00,31.0,82.04242285496761,-75.84859846857566,239.93344417851088
2017-02-26 12:00:00,26.0,82.04242285496761,-75.84859846857566,239.93344417851088
2017-02-26 13:00:00,23.0,82.04242285496761,-75.84859846857566,239.93344417851088
2017-02-26 14:00:00,24.0,82.04242285496761,-75.84859846857566,239.93344417851088
2017-02-26 15:00:00,24.0,82.04242285496761,-75.84859846857566,239.93344417851088
2017-02-26 16:00:00,26.0,82.04242285496761,-75.84859846857566,239.93344417851088
2017-02-26 17:00:00,29.0,82.04242285496761,-75.84859846857566,239.93344417851088
2017-02-26 18:00:00,30.0,82.04242285496761,-75.84859846857566,239.93344417851088
2017-02-26 19:00:00,30.0,82.04242285496761,-75.84859846857566,239.93344417851088
2017-02-26 20:00:00,36.0,82.04242285496761,-75.84859846857566,239.93344417851088
2017-02-26 21:00:00,42.0,82.04242285496761,-75.84859846857566,239.93344417851088
2017-02-26 22:00:00,51.0,82.04242285496761,-75.84859846857566,239.93344417851088
2017-02-26 23:00:00,46.0,82.04242285496761,-75.84859846857566,239.93344417851088
2017-02-27 00:00:00,38.0,82.04242285496761,-75.84859846857566,239.93344417851088
2017-02-27 01:00:00,55.0,82.04242285496761,-75.84859846857566,239.93344417851088
2017-02-27 02:00:00,77.0,82.04242285496761,-75.84859846857566,239.93344417851088
2017-02-27 03:00:00,85.0,82.04242285496761,-75.84859846857566,239.93344417851088
2017-02-27 04:00:00,94.0,82.04242285496761,-75.84859846857566,239.93344417851088
2017-02-27 05:00:00,96.0,82.04242285496761,-75.84859846857566,239.93344417851088
2017-02-27 06:00:00,80.0,82.04242285496761,-75.84859846857566,239.93344417851088
2017-02-27 07:00:00,73.0,82.04242285496761,-75.84859846857566,239.93344417851088
2017-02-27 08:00:00,61.0,82.04242285496761,-75.84859846857566,239.93344417851088
2017-02-27 09:00:00,52.0,82.04242285496761,-75.84859846857566,239.93344417851088
2017-02-27 10:00:00,89.0,82.04242285496761,-75.84859846857566,239.93344417851088
2017-02-27 11:00:00,122.0,82.04242285496761,-75.84859846857566,239.93344417851088
2017-02-27 12:00:00,115.66666666666667,82.04242285496761,-75.84859846857566,239.93344417851088
2017-02-27 13:00:00,109.33333333333333,82.04242285496761,-75.84859846857566,239.93344417851088
2017-02-27 14:00:00,103.0,82.04242285496761,-75.84859846857566,239.93344417851088
2017-02-27 15:00:00,95.0,82.04242285496761,-75.84859846857566,239.93344417851088
2017-02-27 16:00:00,75.0,82.04242285496761,-75.84859846857566,239.93344417851088
2017-02-27 17:00:00,58.0,82.04242285496761,-75.84859846857566,239.93344417851088
2017-02-27 18:00:00,47.0,82.04242285496761,-75.84859846857566,239.93344417851088
2017-02-27 19:00:00,51.0,82.04242285496761,-75.84859846857566,239.93344417851088
2017-02-27 20:00:00,51.0,82.04242285496761,-75.84859846857566,239.93344417851088
2017-02-27 21:00:00,53.0,82.04242285496761,-75.84859846857566,239.93344417851088
2017-02-27 22:00:00,58.0,82.04242285496761,-75.84859846857566,239.93344417851088
2017-02-27 23:00:00,70.0,82.04242285496761,-75.84859846857566,239.93344417851088
2017-02-28 00:00:00,56.0,82.04242285496761,-75.84859846857566,239.93344417851088
2017-02-28 01:00:00,15.0,82.04242285496761,-75.84859846857566,239.93344417851088
2017-02-28 02:00:00,9.0,82.04242285496761,-75.84859846857566,239.93344417851088
2017-02-28 03:00:00,7.0,82.04242285496761,-75.84859846857566,239.93344417851088
2017-02-28 04:00:00,13.0,82.04242285496761,-75.84859846857566,239.93344417851088
2017-02-28 05:00:00,12.0,82.04242285496761,-75.84859846857566,239.93344417851088
2017-02-28 06:00:00,9.0,82.04242285496761,-75.84859846857566,239.93344417851088
2017-02-28 07:00:00,11.0,82.04242285496761,-75.84859846857566,239.93344417851088
2017-02-28 08:00:00,13.0,82.04242285496761,-75.84859846857566,239.93344417851088
2017-02-28 09:00:00,12.0,82.04242285496761,-75.84859846857566,239.93344417851088
2017-02-28 10:00:00,11.0,82.04242285496761,-75.84859846857566,239.93344417851088
2017-02-28 11:00:00,7.0,82.04242285496761,-75.84859846857566,239.93344417851088
2017-02-28 12:00:00,6.0,82.04242285496761,-75.84859846857566,239.93344417851088
2017-02-28 13:00:00,6.0,82.04242285496761,-75.84859846857566,239.93344417851088
2017-02-28 14:00:00,5.0,82.04242285496761,-75.84859846857566,239.93344417851088
2017-02-28 15:00:00,6.0,82.04242285496761,-75.84859846857566,239.93344417851088
2017-02-28 16:00:00,12.0,82.04242285496761,-75.84859846857566,239.93344417851088
2017-02-28 17:00:00,12.0,82.04242285496761,-75.84859846857566,239.93344417851088
2017-02-28 18:00:00,13.0,82.04242285496761,-75.84859846857566,239.93344417851088
2017-02-28 19:00:00,12.0,82.04242285496761,-75.84859846857566,239.93344417851088
2017-02-28 20:00:00,13.0,82.04242285496761,-75.84859846857566,239.93344417851088
2017-02-28 21:00:00,16.0,82.04242285496761,-75.84859846857566,239.93344417851088
2017-02-28 22:00:00,21.0,82.04242285496761,-75.84859846857566,239.93344417851088
2017-02-28 23:00:00,19.0,82.04242285496761,-75.84859846857566,239.93344417851088
