datetime,y_true,y_pred,lower,upper
2017-01-01 00:00:00,501.0,502.8878480947019,464.56385992896935,541.2118362604344
2017-01-01 01:00:00,492.0,484.3313854800208,423.16922471699365,545.493546243048
2017-01-01 02:00:00,447.0,465.3086635101896,388.1349469839911,542.4823800363881
2017-01-01 03:00:00,416.0,447.1931786987926,357.94902492688686,536.4373324706984
2017-01-01 04:00:00,400.0,429.9416628288549,331.016327639212,528.8669980184977
2017-01-01 05:00:00,413.0,413.5129112437206,306.5628944325333,520.4629280549079
2017-01-01 06:00:00,407.0,397.8676844311376,284.1286645030844,511.6067043591908
2017-01-01 07:00:00,423.0,382.96861430102183,263.4055751873512,502.53165341469247
2017-01-01 08:00:00,442.0,368.7801149330502,244.17047559042572,493.38975427567465
2017-01-01 09:00:00,470.0,355.26829758090446,226.2525231979416,484.2840719638673
2017-01-01 10:00:00,477.0,342.4008897301584,209.51550045822853,475.28627900208824
2017-01-01 11:00:00,484.0,330.1471580164782,193.84741351216616,466.4469025207903
2017-01-01 12:00:00,488.0,318.4778348200315,179.15397760877468,457.8016920312883
2017-01-01 13:00:00,572.0,307.3650483607764,165.35432604784086,449.375770673712
2017-01-01 14:00:00,580.0,296.78225612766676,152.3780640227072,441.1864482326263
2017-01-01 15:00:00,589.0,286.7041814827704,140.1631740738976,433.24518889164324
2017-01-01 16:00:00,573.0,277.1067532888827,128.65448195765975,425.5590246201057
2017-01-01 17:00:00,563.0,267.967048416437,117.80250363067861,418.1315932021954
2017-01-01 18:00:00,533.0,259.26323699239236,107.56255890545631,410.96391507932844
2017-01-01 19:00:00,514.0,250.97453026032716,97.89407641642791,404.0549841042264
2017-01-01 20:00:00,488.0,243.08113092720404,88.76003890371368,397.4022229506944
2017-01-01 21:00:00,481.0,235.56418587821156,80.12653346893879,391.00183828748436
2017-01-01 22:00:00,469.0,228.405741146743,71.96238177223555,384.8491005212504
2017-01-01 23:00:00,470.0,221.58869903196015,64.23883209915783,378.93856596476246
2017-01-02 00:00:00,458.0,215.09677726151867,56.929300021251976,373.26425450178533
2017-01-02 01:00:00,477.0,208.91447010191644,50.00914774059788,367.819792463235
2017-01-02 02:00:00,467.0,203.02701132357845,43.455494613126746,362.59852803403015
2017-01-02 03:00:00,405.0,197.42033893222168,37.24705308994061,357.59362477450276
2017-01-02 04:00:00,204.0,192.0810615822619,31.36398559968984,352.79813756483395
2017-01-02 05:00:00,118.0,186.9964265920418,25.78777885249613,348.2050743315874
2017-01-02 06:00:00,72.0,182.1542894844863,20.501132768722016,343.8074462002506
2017-01-02 07:00:00,57.0,177.54308498043383,15.487861787817792,339.5983081730499
2017-01-02 08:00:00,23.0,173.15179937536175,10.7328067384274,335.5707920122961
2017-01-02 09:00:00,24.0,168.9699442335292,6.221755782947582,331.7181326841108
2017-01-02 10:00:00,17.0,164.9875313367064,1.9413732109584316,328.0336894624544
2017-01-02 11:00:00,20.0,161.19504882765645,-2.1208649367056864,324.5109625920186
2017-01-02 12:00:00,288.0,157.58343849138905,-5.976729265510244,321.14360624828834
2017-01-02 13:00:00,275.0,154.1440741199233,-9.637290164764948,317.92543840461155
2017-01-02 14:00:00,267.0,150.86874090888432,-13.112966294681257,314.8504481124499
2017-01-02 15:00:00,291.0,147.74961583672373,-16.413568943352033,311.9128006167995
2017-01-02 16:00:00,267.0,144.77924897969953,-19.54834270060175,309.1068406600008
2017-01-02 17:00:00,251.0,141.9505457179877,-22.526002834700222,306.42709427067564
2017-01-02 18:00:00,191.0,139.25674979042492,-25.35476970703627,303.8682692878861
2017-01-02 19:00:00,187.0,136.69142715740955,-28.042400517096894,301.425254831916
2017-01-02 20:00:00,164.0,134.24845063341763,-30.596218633979475,299.0931199008147
2017-01-02 21:00:00,165.0,131.9219852524295,-33.02314073998369,296.8671112448427
2017-01-02 22:00:00,238.0,129.70647433131256,-35.329701985632425,294.74265064825755
2017-01-02 23:00:00,256.0,127.59662619787352,-37.52207933298649,292.71533172873353
2017-01-03 00:00:00,262.0,125.5874015518799,-39.60611324472961,290.7809163484894
2017-01-03 01:00:00,280.0,123.67400142886349,-41.587327859704274,288.93533071743127
2017-01-03 02:00:00,270.0,121.85185573795758,-43.47094978096766,287.1746612568828
2017-01-03 03:00:00,309.0,120.11661234639098,-45.26192558966969,285.4951502824516
2017-01-03 04:00:00,340.0,118.46412668456742,-46.96493818685957,283.8931915559944
2017-01-03 05:00:00,353.0,116.89045184690266,-48.58442205547058,282.36532574927594
2017-01-03 06:00:00,362.0,115.39182916477517,-50.124577526026826,280.9082358555772
2017-01-03 07:00:00,352.0,113.96467922907456,-51.589384121895705,279.51874258004483
2017-01-03 08:00:00,281.0,112.60559334090499,-52.98261305305189,278.19379973486184
2017-01-03 09:00:00,263.0,111.31132537002435,-54.307838921195696,276.9304896612444
2017-01-03 10:00:00,207.0,110.07878400157298,-55.568450693600084,275.72601869674605
2017-01-03 11:00:00,229.0,108.90502535257362,-56.7676619981534,274.5777127033006
2017-01-03 12:00:00,242.0,107.7872459405675,-57.90852078765549,273.4830126687905
2017-01-03 13:00:00,240.0,106.72277598759217,-58.99391841745427,272.4394703926386
2017-01-03 14:00:00,242.0,105.70907304350796,-60.02659817692201,271.44474426393793
2017-01-03 15:00:00,283.0,104.74371591344268,-61.009163312027766,270.4965951389131
2017-01-03 16:00:00,364.0,103.8243988748503,-61.94408457332146,269.5928823230221
2017-01-03 17:00:00,341.0,102.94892617037138,-62.83370732097501,268.73155966171777
2017-01-03 18:00:00,405.0,102.11520676334158,-63.680258216096604,267.91067174277975
2017-01-03 19:00:00,488.0,101.32124934342195,-64.485851525323,267.1283502121669
2017-01-03 20:00:00,544.0,100.56515757042226,-65.25249506367373,266.38281020451825
2017-01-03 21:00:00,572.0,99.8451255449571,-65.98209579880772,265.6723468887219
2017-01-03 22:00:00,584.0,99.15943349511691,-66.67646513813382,264.99533212836764
2017-01-03 23:00:00,599.0,98.50644366885147,-67.33732391868058,264.35021125638355
2017-01-04 00:00:00,615.0,97.88459642225509,-67.96630711821153,263.7354999627217
2017-01-04 01:00:00,662.0,97.29240649441029,-68.56496830476921,263.1497812935898
2017-01-04 02:00:00,654.0,96.72845945989292,-69.13478384063313,262.59170276041897
2017-01-04 03:00:00,663.0,96.19140835046525,-69.67715685557442,262.05997355650493
2017-01-04 04:00:00,620.0,95.67997043788839,-70.19342100327336,261.55336187905016
2017-01-04 05:00:00,598.0,95.19292417016956,-70.68484401382915,261.0706923541683
2017-01-04 06:00:00,540.0,94.72910625392704,-71.15263105442655,260.61084356228065
2017-01-04 07:00:00,399.0,94.28740887590351,-71.59792790942413,260.17274566123115
2017-01-04 08:00:00,272.0,93.86677705699194,-72.02182399038975,259.7553781043736
2017-01-04 09:00:00,252.0,93.46620613245403,-72.42535518592462,259.3577674508327
2017-01-04 10:00:00,242.0,93.08473935231278,-72.80950656048383,258.9789852651094
2017-01-04 11:00:00,159.0,92.72146559618781,-73.17521491081212,258.61814610318777
2017-01-04 12:00:00,207.0,92.3755171971155,-73.52337118806994,258.2744055823009
2017-01-04 13:00:00,254.0,92.04606786915598,-73.85482279321717,257.9469585315291
2017-01-04 14:00:00,3.0,91.73233073383744,-74.1703757527512,257.63503722042606
2017-01-04 15:00:00,3.0,91.43355644072379,-74.47079678145936,257.33790966290695
2017-01-04 16:00:00,233.0,91.14903137761662,-74.7568152384372,257.05487799367046
2017-01-04 17:00:00,385.0,90.87807596611694,-75.02912498224492,256.7852769144788
2017-01-04 18:00:00,365.0,90.6200430384753,-75.28838613072139,256.528472207672
2017-01-04 19:00:00,363.0,90.37431629185377,-75.53522673064433,256.28385931435184
2017-01-04 20:00:00,380.0,90.14030881630765,-75.77024434211825,256.05086197473355
2017-01-04 21:00:00,395.0,89.91746169297102,-75.99400754228435,255.82893092822638
2017-01-04 22:00:00,405.0,89.70524265909823,-76.20705735267744,255.6175426708739
2017-01-04 23:00:00,351.0,89.50314483677245,-76.40990859430475,255.41619826784967
2017-01-05 00:00:00,234.0,89.31068552224504,-76.60305117428611,255.22442221877617
2017-01-05 01:00:00,175.0,89.12740503301418,-76.78695130767505,255.04176137370342
2017-01-05 02:00:00,167.0,88.9528656098889,-76.96205267787496,254.86778389765277
2017-01-05 03:00:00,180.0,88.78665037141616,-77.12877753887099,254.7020782817033
2017-01-05 04:00:00,228.0,88.62836231817379,-77.28752776231774,254.54425239866532
2017-01-05 05:00:00,254.0,88.47762338455085,-77.43868583235304,254.39393260145476
2017-01-05 06:00:00,325.0,88.33407353575092,-77.5826157908484,254.25076286235023
2017-01-05 07:00:00,311.0,88.19736990786119,-77.71966413565771,254.1144039513801
2017-01-05 08:00:00,286.0,88.06718598893377,-77.85016067428475,253.9845326521523
2017-01-05 09:00:00,285.0,87.94321083912304,-77.97441933525802,253.8608410135041
2017-01-05 10:00:00,287.0,87.82514834801643,-78.09273893937714,253.74303563541
2017-01-05 11:00:00,277.0,87.71271652738479,-78.20540393287801,253.63083698764757
2017-01-05 12:00:00,249.0,87.60564683766317,-78.31268508445406,253.5239787597804
2017-01-05 13:00:00,209.0,87.50368354655326,-78.41484014796698,253.42220724107352
2017-01-05 14:00:00,192.0,87.40658311821545,-78.51211449258312,253.32528072901403
2017-01-05 15:00:00,180.0,87.31411363159185,-78.60474170197858,253.23296896516229
2017-01-05 16:00:00,178.0,87.22605422647074,-78.6929441441708,253.14505259711228
2017-01-05 17:00:00,200.0,87.14219457596951,-78.77693351345141,253.06132266539043
2017-01-05 18:00:00,207.0,87.06233438417608,-78.8569113458178,252.98158011416996
2017-01-05 19:00:00,215.0,86.9862829077489,-78.93306950922933,252.90563532472714
2017-01-05 20:00:00,217.0,86.91385850033309,-79.00559066994246,252.83330767060863
2017-01-05 21:00:00,221.0,86.84488817870424,-79.074648736118,252.76442509352648
2017-01-05 22:00:00,219.0,86.7792072096039,-79.14040927982805,252.69882369903584
2017-01-05 23:00:00,199.0,86.71665871627987,-79.20302993853495,252.6363473710947
2017-01-06 00:00:00,201.0,86.65709330379136,-79.26266079705869,252.5768474046414
2017-01-06 01:00:00,219.0,86.6003687021843,-79.31944475099674,252.52018215536532
2017-01-06 02:00:00,213.0,86.54634942668447,-79.37351785251225,252.4662167058812
2017-01-06 03:00:00,216.0,86.49490645409665,-79.42500963935899,252.4148225475523
2017-01-06 04:00:00,200.0,86.44591691463717,-79.4740434479682,252.36587727724253
2017-01-06 05:00:00,193.0,86.39926379846361,-79.52073671137967,252.31926430830688
2017-01-06 06:00:00,206.0,86.35483567620085,-79.56520124276162,252.27487259516332
2017-01-06 07:00:00,222.0,86.3125264327957,-79.60754350522514,252.23259637081657
2017-01-06 08:00:00,207.0,86.27223501406482,-79.64786486860336,252.192334896733
2017-01-06 09:00:00,175.0,86.23386518533019,-79.68626185383383,252.1539922244942
2017-01-06 10:00:00,184.0,86.1973253015659,-79.72282636554813,252.1174769686799
2017-01-06 11:00:00,207.0,86.1625280885071,-79.75764591344473,252.08270209045895
2017-01-06 12:00:00,237.0,86.12939043419847,-79.79080382299132,252.04958469138825
2017-01-06 13:00:00,224.0,86.09783319048407,-79.82237943597585,252.01804581694398
2017-01-06 14:00:00,233.0,86.06778098396471,-79.85244830140043,251.98801026932983
2017-01-06 15:00:00,245.0,86.03916203597115,-79.88108235718664,251.95940642912893
2017-01-06 16:00:00,247.0,86.01190799112322,-79.9083501031391,251.93216608538555
2017-01-06 17:00:00,244.0,85.9859537540653,-79.9343167655904,251.90622427372102
2017-01-06 18:00:00,236.0,85.96123733398832,-79.95904445413132,251.88151912210796
2017-01-06 19:00:00,234.0,85.93769969656678,-79.98259231080912,251.85799170394267
2017-01-06 20:00:00,242.0,85.91528462295732,-80.00501665215914,251.83558589807376
2017-01-06 21:00:00,231.0,85.8939385755219,-80.02637110441512,251.81424825545892
2017-01-06 22:00:00,232.0,85.87361056995505,-80.04670673222913,251.79392787213922
2017-01-06 23:00:00,233.0,85.85425205350948,-80.06607216121394,251.77457626823292
2017-01-07 00:00:00,260.0,85.83581678902961,-80.08451369460612,251.75614727266532
2017-01-07 01:00:00,265.0,85.81826074451564,-80.1020754243336,251.7385969133649
2017-01-07 02:00:00,245.0,85.80154198795466,-80.11879933675755,251.72188331266688
2017-01-07 03:00:00,217.0,85.78562058716741,-80.13472541334511,251.70596658767994
2017-01-07 04:00:00,238.0,85.77045851443172,-80.14989172651711,251.69080875538054
2017-01-07 05:00:00,248.0,85.7560195556545,-80.16433453090345,251.67637364221247
2017-01-07 06:00:00,223.0,85.74226922387571,-80.17808835022647,251.6626267979779
2017-01-07 07:00:00,214.0,85.72917467689734,-80.19118606002374,251.64953541381843
2017-01-07 08:00:00,208.0,85.71670463884101,-80.20365896640871,251.63706824409073
2017-01-07 09:00:00,201.0,85.70482932544657,-80.21553688106168,251.62519553195483
2017-01-07 10:00:00,150.0,85.69352037293342,-80.22684819263003,251.61388893849687
2017-01-07 11:00:00,161.0,85.68275077025461,-80.23761993471231,251.60312147522154
2017-01-07 12:00:00,189.0,85.67249479458181,-80.24787785058868,251.5928674397523
2017-01-07 13:00:00,197.0,85.66272794986732,-80.25764645485431,251.58310235458896
2017-01-07 14:00:00,162.0,85.65342690833596,-80.26694909210495,251.57380290877688
2017-01-07 15:00:00,107.0,85.6445694547676,-80.27580799281509,251.5649469023503
2017-01-07 16:00:00,102.0,85.63613443343681,-80.28424432654427,251.55651319341789
2017-01-07 17:00:00,113.0,85.62810169758313,-80.29227825259886,251.54848164776513
2017-01-07 18:00:00,119.0,85.62045206129122,-80.29992896827204,251.54083309085448
2017-01-07 19:00:00,122.0,85.61316725366598,-80.30721475477736,251.53354926210932
2017-01-07 20:00:00,127.0,85.6062298751931,-80.31415302098677,251.52661277137295
2017-01-07 21:00:00,119.0,85.59962335618094,-80.32076034507826,251.52000705744013
2017-01-07 22:00:00,139.0,85.59333191718444,-80.32705251419311,251.513716348562
2017-01-07 23:00:00,209.0,85.58734053131633,-80.33304456219827,251.50772562483093
2017-01-08 00:00:00,210.0,85.58163488835602,-80.33875080564401,251.50202058235607
2017-01-08 01:00:00,117.0,85.57620136057012,-80.34418487800413,251.4965875991444
2017-01-08 02:00:00,34.0,85.571026970163,-80.34935976228014,251.49141370260617
2017-01-08 03:00:00,24.0,85.56609935827987,-80.35428782204804,251.48648653860778
2017-01-08 04:00:00,22.0,85.56140675548794,-80.35898083102215,251.481794341998
2017-01-08 05:00:00,21.0,85.5569379536657,-80.36345000120694,251.47732590853832
2017-01-08 06:00:00,17.0,85.55268227923253,-80.36770600970445,251.4730705681695
2017-01-08 07:00:00,17.0,85.54862956765537,-80.37175902424117,251.46901815955192
2017-01-08 08:00:00,18.0,85.54477013917098,-80.37561872747655,251.46515900581852
2017-01-08 09:00:00,20.0,85.5410947756662,-80.37929434015028,251.46148389148266
2017-01-08 10:00:00,22.0,85.53759469866077,-80.38279464312453,251.45798404044606
2017-01-08 11:00:00,25.0,85.53426154834027,-80.38612799837385,251.45465109505437
2017-01-08 12:00:00,31.0,85.53108736358895,-80.38930236897305,251.45147709615094
2017-01-08 13:00:00,25.0,85.5280645629749,-80.39232533813073,251.44845446408056
2017-01-08 14:00:00,23.0,85.5251859266421,-80.39520412731405,251.44557598059822
2017-01-08 15:00:00,23.0,85.52244457906589,-80.39794561350887,251.44283477164066
2017-01-08 16:00:00,21.0,85.51983397263122,-80.40055634565532,251.44022429091774
2017-01-08 17:00:00,17.0,85.51734787199373,-80.40304256029961,251.43773830428708
2017-01-08 18:00:00,17.0,85.51498033918695,-80.40541019649798,251.43537087487186
2017-01-08 19:00:00,19.0,85.51272571943959,-80.40766491001018,251.43311634888937
2017-01-08 20:00:00,17.0,85.51057862766936,-80.40981208681478,251.4309693421535
2017-01-08 21:00:00,18.0,85.50853393562087,-80.41185685598009,251.42892472722184
2017-01-08 22:00:00,14.0,85.50658675961698,-80.41380410192046,251.42697762115444
2017-01-08 23:00:00,13.0,85.50473244889427,-80.41565847606786,251.42512337385642
2017-01-09 00:00:00,13.0,85.50296657449492,-80.41742440798639,251.4233575569762
2017-01-09 01:00:00,11.0,85.50128491868819,-80.41910611595674,251.4216759533331
2017-01-09 02:00:00,10.0,85.49968346489659,-80.42070761705496,251.42007454684813
2017-01-09 03:00:00,14.0,85.49815838810245,-80.42223273675101,251.4185495129559
2017-01-09 04:00:00,11.0,85.49670604571189,-80.42368511804891,251.41709720947267
2017-01-09 05:00:00,8.0,85.49532296885471,-80.42506823019076,251.41571416790018
2017-01-09 06:00:00,9.0,85.49400585409906,-80.4263853769457,251.41439708514383
2017-01-09 07:00:00,8.0,85.49275155556128,-80.42763970450332,251.4131428156259
2017-01-09 08:00:00,10.0,85.49155707739219,-80.42883420899024,251.41194836377463
2017-01-09 09:00:00,9.0,85.49041956662144,-80.42997174362831,251.4108108768712
2017-01-09 10:00:00,15.0,85.48933630634338,-80.43105502555147,251.40972763823822
2017-01-09 11:00:00,15.0,85.48830470922782,-80.43208664229671,251.40869606075233
2017-01-09 12:00:00,15.0,85.4873223113403,-80.4330690579862,251.4077136806668
2017-01-09 13:00:00,17.0,85.48638676625697,-80.43400461921394,251.40677815172788
2017-01-09 14:00:00,18.0,85.48549583946037,-80.43489556065178,251.4058872395725
2017-01-09 15:00:00,21.0,85.48464740300224,-80.43574401038788,251.40503881639236
2017-01-09 16:00:00,40.0,85.48383943042109,-80.43655199501069,251.40423085585286
2017-01-09 17:00:00,46.0,85.48306999190197,-80.4373214444503,251.40346142825425
2017-01-09 18:00:00,53.0,85.48233724966727,-80.43805419658867,251.4027286959232
2017-01-09 19:00:00,71.0,85.48163945358716,-80.43875200165029,251.4020309088246
2017-01-09 20:00:00,99.0,85.48097493699956,-80.43941652638316,251.40136640038227
2017-01-09 21:00:00,142.0,85.48034211272925,-80.44004935804033,251.40073358349883
2017-01-09 22:00:00,158.0,85.47973946929707,-80.44065200817155,251.4001309467657
2017-01-09 23:00:00,163.0,85.47916556730979,-80.44122591623415,251.39955705085373
2017-01-10 00:00:00,96.0,85.47861903602208,-80.44177245303149,251.39901052507565
2017-01-10 01:00:00,70.0,85.47809857006261,-80.44229292398761,251.39849006411282
2017-01-10 02:00:00,17.0,85.47760292631624,-80.4427885722654,251.3979944248979
2017-01-10 03:00:00,8.0,85.47713092095478,-80.44326058173633,251.39752242364588
2017-01-10 04:00:00,6.0,85.47668142660955,-80.44371007980841,251.39707293302752
2017-01-10 05:00:00,6.0,85.47625336967864,-80.44413814011916,251.39664487947647
2017-01-10 06:00:00,7.0,85.47584572776269,-80.44454578510026,251.39623724062562
2017-01-10 07:00:00,6.0,85.47545752722291,-80.44493398841976,251.3958490428656
2017-01-10 08:00:00,7.0,85.47508784085556,-80.44530367730803,251.39547935901916
2017-01-10 09:00:00,8.0,85.47473578567737,-80.44565573477244,251.39512730612716
2017-01-10 10:00:00,6.0,85.47440052081656,-80.44599100170659,251.3947920433397
2017-01-10 11:00:00,7.0,85.47408124550448,-80.44631027889893,251.3944727699079
2017-01-10 12:00:00,8.0,85.47377719716293,-80.44661432894573,251.3941687232716
2017-01-10 13:00:00,5.0,85.47348764958282,-80.44690387807226,251.39387917723792
2017-01-10 14:00:00,3.0,85.47321191118967,-80.44717961786789,251.3936034402472
2017-01-10 15:00:00,7.0,85.4729493233917,-80.4474422069377,251.3933408537211
2017-01-10 16:00:00,7.0,85.47269925900696,-80.44769227247588,251.3930907904898
2017-01-10 17:00:00,9.0,85.47246112076517,-80.44793041176372,251.39285265329409
2017-01-10 18:00:00,15.0,85.47223433988131,-80.44815719359624,251.39262587335887
2017-01-10 19:00:00,69.0,85.47201837469694,-80.44837315964091,251.3924099090348
2017-01-10 20:00:00,88.0,85.47181270938663,-80.44857882573149,251.39220424450474
2017-01-10 21:00:00,96.0,85.47161685272576,-80.44877468309991,251.39200838855143
2017-01-10 22:00:00,93.0,85.47143033691744,-80.44896119954991,251.3918218733848
2017-01-10 23:00:00,93.0,85.47125271647498,-80.44913882057433,251.3916442535243
2017-01-11 00:00:00,90.0,85.47108356715803,-80.44930797041901,251.3914751047351
2017-01-11 01:00:00,90.0,85.47092248495925,-80.44946905309642,251.3913140230149
2017-01-11 02:00:00,98.0,85.47076908513928,-80.44962245335047,251.39116062362905
2017-01-11 03:00:00,109.0,85.4706230013079,-80.44976853757547,251.39101454019126
2017-01-11 04:00:00,106.0,85.47048388454886,-80.44990765469149,251.3908754237892
2017-01-11 05:00:00,113.0,85.47035140258652,-80.45004013697755,251.39074294215058
2017-01-11 06:00:00,110.0,85.47022523899224,-80.45016630086545,251.39061677884993
2017-01-11 07:00:00,90.0,85.47010509242861,-80.45028644769533,251.39049663255255
2017-01-11 08:00:00,45.0,85.46999067592964,-80.45040086443578,251.39038221629505
2017-01-11 09:00:00,56.0,85.46988171621543,-80.45050982436901,251.39027325679984
2017-01-11 10:00:00,51.0,85.46977795303943,-80.45061358774359,251.39016949382244
2017-01-11 11:00:00,60.0,85.46967913856683,-80.45071240239632,251.39007067952997
2017-01-11 12:00:00,72.0,85.46958503678263,-80.45080650434383,251.3899765779091
2017-01-11 13:00:00,70.0,85.46949542292796,-80.45089611834663,251.38988696420256
2017-01-11 14:00:00,54.0,85.46941008296315,-80.45098145844577,251.38980162437207
2017-01-11 15:00:00,52.0,85.46932881305663,-80.45106272847416,251.38972035458744
2017-01-11 16:00:00,80.0,85.46925141909801,-80.45114012254322,251.38964296073925
2017-01-11 17:00:00,107.0,85.46917771623444,-80.45121382550701,251.3895692579759
2017-01-11 18:00:00,118.0,85.46910752842916,-80.45128401340315,251.38949907026148
2017-01-11 19:00:00,117.0,85.46904068804099,-80.45135085387375,251.38943222995573
2017-01-11 20:00:00,84.0,85.46897703542395,-80.45141450656551,251.3893685774134
2017-01-11 21:00:00,58.0,85.46891641854593,-80.45147512351132,251.38930796060316
2017-01-11 22:00:00,34.0,85.46885869262559,-80.4515328494931,251.38925023474428
2017-01-11 23:00:00,36.0,85.46880371978655,-80.4515878223879,251.389195261961
2017-01-12 00:00:00,27.0,85.46875136872804,-80.45164017349698,251.38914291095307
2017-01-12 01:00:00,30.0,85.46870151441135,-80.45169002785948,251.38909305668219
2017-01-12 02:00:00,30.0,85.46865403776115,-80.45173750455126,251.38904558007357
2017-01-12 03:00:00,17.0,85.4686088253811,-80.45178271696903,251.38900036773123
2017-01-12 04:00:00,22.0,85.46856576928295,-80.45182577310138,251.38895731166727
2017-01-12 05:00:00,35.0,85.46852476662868,-80.45186677578666,251.38891630904402
2017-01-12 06:00:00,20.0,85.46848571948486,-80.45190582295858,251.38887726192831
2017-01-12 07:00:00,25.0,85.46844853458872,-80.45194300788025,251.3888400770577
2017-01-12 08:00:00,26.0,85.4684131231254,-80.4519784193667,251.3888046656175
2017-01-12 09:00:00,16.0,85.46837940051583,-80.45201214199724,251.3887709430289
2017-01-12 10:00:00,26.0,85.46834728621472,-80.45204425631736,251.3887388287468
2017-01-12 11:00:00,28.0,85.46831670351814,-80.4520748390312,251.3887082460675
2017-01-12 12:00:00,21.0,85.46828757938037,-80.45210396318463,251.38867912194536
2017-01-12 13:00:00,70.0,85.4682598442394,-80.45213169833978,251.3886513868186
2017-01-12 14:00:00,75.0,85.4682334318508,-80.45215811074125,251.38862497444285
2017-01-12 15:00:00,85.0,85.46820827912947,-80.45218326347427,251.3885998217332
2017-01-12 16:00:00,98.0,85.46818432599902,-80.45220721661529,251.38857586861332
2017-01-12 17:00:00,111.0,85.46816151524817,-80.45223002737575,251.3885530578721
2017-01-12 18:00:00,116.0,85.46813979239427,-80.45225175023835,251.38853133502687
2017-01-12 19:00:00,140.0,85.46811910555299,-80.45227243708753,251.38851064819352
2017-01-12 20:00:00,157.0,85.46809940531453,-80.45229213733315,251.38849094796223
2017-01-12 21:00:00,53.0,85.46808064462553,-80.45231089802863,251.3884721872797
2017-01-12 22:00:00,14.0,85.46806277867675,-80.45232876398329,251.38845432133678
2017-01-12 23:00:00,4.0,85.46804576479596,-80.45234577786943,251.38843730746134
2017-01-13 00:00:00,15.0,85.4680295623461,-80.45236198032414,251.38842110501633
2017-01-13 01:00:00,12.0,85.46801413262817,-80.45237741004645,251.3884056753028
2017-01-13 02:00:00,18.0,85.4679994387888,-80.4523921038898,251.3883909814674
2017-01-13 03:00:00,13.0,85.46798544573227,-80.45240609694994,251.38837698841448
2017-01-13 04:00:00,15.0,85.46797212003663,-80.45241942264884,251.3883636627221
2017-01-13 05:00:00,9.0,85.46795942987394,-80.45243211281452,251.38835097256242
2017-01-13 06:00:00,13.0,85.46794734493415,-80.45244419775702,251.3883388876253
2017-01-13 07:00:00,13.0,85.46793583635281,-80.45245570634077,251.3883273790464
2017-01-13 08:00:00,18.0,85.46792487664204,-80.45246666605378,251.38831641933785
2017-01-13 09:00:00,8.0,85.46791443962499,-80.45247710307282,251.3883059823228
2017-01-13 10:00:00,13.0,85.46790450037317,-80.45248704232647,251.38829604307278
2017-01-13 11:00:00,17.0,85.46789503514701,-80.4524965075543,251.3882865778483
2017-01-13 12:00:00,15.0,85.46788602133917,-80.45250552136365,251.38827756404197
2017-01-13 13:00:00,5.0,85.46787743742046,-80.45251410528373,251.38826898012462
2017-01-13 14:00:00,5.0,85.46786926288847,-80.45252227981693,251.38826080559386
2017-01-13 15:00:00,10.0,85.46786147821862,-80.45253006448789,251.38825302092513
2017-01-13 16:00:00,13.0,85.46785406481752,-80.45253747788999,251.38824560752502
2017-01-13 17:00:00,3.0,85.46784700497848,-80.45254453772993,251.3882385476869
2017-01-13 18:00:00,18.0,85.46784028183932,-80.45255126086995,251.3882318245486
2017-01-13 19:00:00,15.0,85.46783387934205,-80.45255766336795,251.38822542205207
2017-01-13 20:00:00,20.0,85.46782778219455,-80.45256376051617,251.38821932490526
2017-01-13 21:00:00,15.0,85.46782197583396,-80.45256956687736,251.38821351854529
2017-01-13 22:00:00,18.0,85.467816446392,-80.45257509631988,251.38820798910388
2017-01-13 23:00:00,16.0,85.4678111806618,-80.45258036205063,251.3882027233742
2017-01-14 00:00:00,16.0,85.46780616606631,-80.45258537664654,251.38819770877916
2017-01-14 01:00:00,24.0,85.46780139062837,-80.45259015208491,251.38819293334166
2017-01-14 02:00:00,19.0,85.467796842942,-80.45259469977168,251.38818838565567
2017-01-14 03:00:00,13.0,85.46779251214518,-80.4525990305688,251.38818405485915
2017-01-14 04:00:00,9.0,85.46778838789399,-80.45260315482034,251.38817993060832
2017-01-14 05:00:00,12.0,85.46778446033778,-80.45260708237683,251.3881760030524
2017-01-14 06:00:00,16.0,85.46778072009572,-80.45261082261915,251.3881722628106
2017-01-14 07:00:00,16.0,85.46777715823437,-80.45261438448073,251.38816870094945
2017-01-14 08:00:00,23.0,85.46777376624634,-80.45261777646898,251.38816530896167
2017-01-14 09:00:00,27.0,85.46777053602997,-80.45262100668552,251.38816207874547
2017-01-14 10:00:00,39.0,85.46776745987003,-80.45262408284563,251.3881590025857
2017-01-14 11:00:00,30.0,85.46776453041919,-80.45262701229665,251.388156073135
2017-01-14 12:00:00,14.0,85.46776174068057,-80.4526298020354,251.38815328339655
2017-01-14 13:00:00,15.0,85.46775908399097,-80.45263245872515,251.3881506267071
2017-01-14 14:00:00,21.0,85.46775655400498,-80.45263498871125,251.3881480967212
2017-01-14 15:00:00,21.0,85.46775414467982,-80.45263739803653,251.38814568739616
2017-01-14 16:00:00,19.0,85.46775185026088,-80.45263969245558,251.38814339297733
2017-01-14 17:00:00,25.0,85.46774966526804,-80.4526418774485,251.38814120798457
2017-01-14 18:00:00,22.0,85.46774758448251,-80.45264395823412,251.38813912719914
2017-01-14 19:00:00,39.0,85.4677456029344,-80.45264593978229,251.3881371456511
2017-01-14 20:00:00,50.0,85.46774371589086,-80.45264782682591,251.38813525860763
2017-01-14 21:00:00,55.0,85.46774191884475,-80.45264962387205,251.38813346156155
2017-01-14 22:00:00,47.0,85.46774020750388,-80.45265133521298,251.38813175022074
2017-01-14 23:00:00,29.0,85.46773857778076,-80.45265296493612,251.38813012049764
2017-01-15 00:00:00,31.0,85.46773702578288,-80.45265451693406,251.38812856849984
2017-01-15 01:00:00,33.0,85.46773554780333,-80.45265599491364,251.3881270905203
2017-01-15 02:00:00,45.0,85.46773414031202,-80.45265740240501,251.38812568302905
2017-01-15 03:00:00,31.0,85.46773279994717,-80.45265874276988,251.38812434266424
2017-01-15 04:00:00,46.0,85.46773152350741,-80.45266001920967,251.3881230662245
2017-01-15 05:00:00,58.0,85.46773030794397,-80.45266123477315,251.3881218506611
2017-01-15 06:00:00,46.0,85.46772915035353,-80.4526623923636,251.38812069307068
2017-01-15 07:00:00,41.0,85.46772804797124,-80.4526634947459,251.38811959068838
2017-01-15 08:00:00,36.0,85.46772699816408,-80.45266454455309,251.38811854088124
2017-01-15 09:00:00,45.0,85.46772599842463,-80.45266554429257,251.3881175411418
2017-01-15 10:00:00,44.0,85.46772504636503,-80.4526664963522,251.38811658908224
2017-01-15 11:00:00,53.0,85.46772413971135,-80.45266740300588,251.38811568242858
2017-01-15 12:00:00,53.0,85.46772327629805,-80.45266826641921,251.3881148190153
2017-01-15 13:00:00,47.0,85.46772245406291,-80.45266908865435,251.38811399678016
2017-01-15 14:00:00,56.0,85.46772167104204,-80.45266987167524,251.3881132137593
2017-01-15 15:00:00,62.0,85.46772092536523,-80.45267061735206,251.3881124680825
2017-01-15 16:00:00,61.0,85.46772021525146,-80.45267132746582,251.38811175796874
2017-01-15 17:00:00,73.0,85.46771953900463,-80.45267200371268,251.38811108172195
2017-01-15 18:00:00,82.0,85.46771889500957,-80.45267264770774,251.38811043772688
2017-01-15 19:00:00,82.0,85.46771828172811,-80.4526732609892,251.38810982444542
2017-01-15 20:00:00,67.0,85.46771769769545,-80.45267384502186,251.38810924041275
2017-01-15 21:00:00,89.0,85.46771714151663,-80.45267440120068,251.38810868423394
2017-01-15 22:00:00,81.0,85.46771661186325,-80.45267493085406,251.38810815458055
2017-01-15 23:00:00,97.0,85.46771610747027,-80.45267543524704,251.38810765018758
2017-01-16 00:00:00,105.0,85.46771562713293,-80.45267591558438,251.38810716985023
2017-01-16 01:00:00,108.0,85.46771516970398,-80.45267637301333,251.3881067124213
2017-01-16 02:00:00,104.0,85.46771473409088,-80.45267680862644,251.38810627680817
2017-01-16 03:00:00,105.0,85.46771431925315,-80.45267722346416,251.38810586197047
2017-01-16 04:00:00,108.0,85.46771392419998,-80.45267761851733,251.3881054669173
2017-01-16 05:00:00,104.0,85.4677135479878,-80.45267799472951,251.3881050907051
2017-01-16 06:00:00,110.0,85.46771318971805,-80.45267835299926,251.38810473243535
2017-01-16 07:00:00,110.0,85.467712848535,-80.45267869418231,251.3881043912523
2017-01-16 08:00:00,102.0,85.46771252362375,-80.45267901909357,251.38810406634104
2017-01-16 09:00:00,93.0,85.46771221420826,-80.45267932850905,251.38810375692557
2017-01-16 10:00:00,78.0,85.4677119195495,-80.45267962316781,251.38810346226683
2017-01-16 11:00:00,57.0,85.4677116389437,-80.45267990377361,251.388103181661
2017-01-16 12:00:00,68.0,85.46771137172063,-80.45268017099669,251.38810291443792
2017-01-16 13:00:00,79.0,85.46771111724203,-80.45268042547528,251.38810265995934
2017-01-16 14:00:00,100.0,85.4677108749001,-80.4526806678172,251.3881024176174
2017-01-16 15:00:00,96.0,85.46771064411602,-80.45268089860129,251.38810218683335
2017-01-16 16:00:00,102.0,85.46771042433856,-80.45268111837875,251.3881019670559
2017-01-16 17:00:00,116.0,85.46771021504279,-80.45268132767453,251.3881017577601
2017-01-16 18:00:00,122.0,85.46771001572881,-80.4526815269885,251.38810155844612
2017-01-16 19:00:00,135.0,85.46770982592056,-80.45268171679675,251.38810136863788
2017-01-16 20:00:00,140.0,85.46770964516472,-80.4526818975526,251.38810118788203
2017-01-16 21:00:00,133.0,85.46770947302953,-80.45268206968778,251.38810101574683
2017-01-16 22:00:00,123.0,85.46770930910387,-80.45268223361344,251.38810085182118
2017-01-16 23:00:00,121.0,85.46770915299619,-80.45268238972112,251.3881006957135
2017-01-17 00:00:00,118.0,85.46770900433364,-80.45268253838367,251.38810054705095
2017-01-17 01:00:00,117.0,85.46770886276116,-80.45268267995615,251.38810040547847
2017-01-17 02:00:00,126.0,85.46770872794059,-80.45268281477672,251.3881002706579
2017-01-17 03:00:00,137.0,85.46770859954992,-80.45268294316739,251.38810014226723
2017-01-17 04:00:00,126.0,85.46770847728249,-80.45268306543483,251.3881000199998
2017-01-17 05:00:00,120.0,85.46770836084627,-80.45268318187104,251.38809990356359
2017-01-17 06:00:00,120.0,85.46770824996318,-80.45268329275413,251.3880997926805
2017-01-17 07:00:00,106.0,85.46770814436834,-80.45268339834897,251.38809968708566
2017-01-17 08:00:00,122.0,85.46770804380957,-80.45268349890775,251.3880995865269
2017-01-17 09:00:00,149.0,85.46770794804668,-80.45268359467063,251.38809949076398
2017-01-17 10:00:00,142.0,85.46770785685094,-80.45268368586638,251.38809939956826
2017-01-17 11:00:00,158.0,85.46770777000452,-80.45268377271279,251.38809931272183
2017-01-17 12:00:00,178.0,85.46770768730002,-80.45268385541729,251.38809923001733
2017-01-17 13:00:00,183.0,85.46770760853988,-80.45268393417743,251.3880991512572
2017-01-17 14:00:00,160.0,85.46770753353599,-80.45268400918133,251.3880990762533
2017-01-17 15:00:00,156.0,85.4677074621092,-80.45268408060811,251.38809900482653
2017-01-17 16:00:00,151.0,85.46770739408893,-80.45268414862838,251.38809893680624
2017-01-17 17:00:00,175.0,85.4677073293127,-80.45268421340461,251.38809887203
2017-01-17 18:00:00,189.0,85.4677072676258,-80.45268427509151,251.3880988103431
2017-01-17 19:00:00,187.0,85.46770720888088,-80.45268433383643,251.3880987515982
2017-01-17 20:00:00,183.0,85.46770715293765,-80.45268438977966,251.38809869565495
2017-01-17 21:00:00,177.0,85.46770709966248,-80.45268444305484,251.3880986423798
2017-01-17 22:00:00,183.0,85.46770704892812,-80.45268449378919,251.38809859164542
2017-01-17 23:00:00,174.0,85.4677070006134,-80.45268454210391,251.38809854333073
2017-01-18 00:00:00,150.0,85.46770695460292,-80.4526845881144,251.38809849732024
2017-01-18 01:00:00,46.0,85.46770691078677,-80.45268463193054,251.38809845350409
2017-01-18 02:00:00,58.0,85.46770686906034,-80.45268467365698,251.38809841177766
2017-01-18 03:00:00,55.0,85.46770682932392,-80.4526847133934,251.3880983720412
2017-01-18 04:00:00,34.0,85.46770679148263,-80.45268475123468,251.38809833419992
2017-01-18 05:00:00,20.0,85.46770675544607,-80.45268478727124,251.38809829816338
2017-01-18 06:00:00,19.0,85.46770672112818,-80.45268482158913,251.3880982638455
2017-01-18 07:00:00,28.0,85.46770668844698,-80.45268485427033,251.3880982311643
2017-01-18 08:00:00,34.0,85.46770665732443,-80.45268488539288,251.38809820004172
2017-01-18 09:00:00,38.0,85.46770662768618,-80.45268491503113,251.3880981704035
2017-01-18 10:00:00,33.0,85.46770659946147,-80.45268494325585,251.38809814217876
2017-01-18 11:00:00,27.0,85.46770657258283,-80.45268497013448,251.38809811530012
2017-01-18 12:00:00,26.0,85.46770654698611,-80.4526849957312,251.38809808970342
2017-01-18 13:00:00,27.0,85.46770652261014,-80.45268502010717,251.38809806532745
2017-01-18 14:00:00,25.0,85.46770649939674,-80.45268504332057,251.38809804211405
2017-01-18 15:00:00,36.0,85.46770647729042,-80.45268506542689,251.38809802000773
2017-01-18 16:00:00,49.0,85.46770645623842,-80.4526850864789,251.38809799895574
2017-01-18 17:00:00,53.0,85.46770643619043,-80.45268510652689,251.38809797890775
2017-01-18 18:00:00,47.0,85.46770641709857,-80.45268512561874,251.38809795981587
2017-01-18 19:00:00,45.0,85.46770639891724,-80.45268514380007,251.38809794163456
2017-01-18 20:00:00,47.0,85.46770638160302,-80.45268516111429,251.38809792432033
2017-01-18 21:00:00,47.0,85.46770636511457,-80.45268517760275,251.38809790783188
2017-01-18 22:00:00,56.0,85.46770634941248,-80.45268519330483,251.3880978921298
2017-01-18 23:00:00,64.0,85.46770633445925,-80.45268520825806,251.38809787717656
2017-01-19 00:00:00,72.0,85.4677063202192,-80.45268522249812,251.3880978629365
2017-01-19 01:00:00,86.0,85.46770630665827,-80.45268523605904,251.38809784937558
2017-01-19 02:00:00,96.0,85.4677062937441,-80.45268524897321,251.3880978364614
2017-01-19 03:00:00,102.0,85.46770628144583,-80.45268526127148,251.38809782416314
2017-01-19 04:00:00,118.0,85.4677062697341,-80.45268527298322,251.3880978124514
2017-01-19 05:00:00,135.0,85.46770625858092,-80.4526852841364,251.38809780129822
2017-01-19 06:00:00,117.0,85.46770624795967,-80.45268529475764,251.38809779067697
2017-01-19 07:00:00,111.0,85.46770623784496,-80.45268530487235,251.38809778056228
2017-01-19 08:00:00,108.0,85.46770622821265,-80.45268531450466,251.38809777092996
2017-01-19 09:00:00,106.0,85.46770621903973,-80.45268532367758,251.38809776175702
2017-01-19 10:00:00,48.0,85.46770621030429,-80.45268533241303,251.3880977530216
2017-01-19 11:00:00,25.0,85.46770620198545,-80.45268534073186,251.38809774470275
2017-01-19 12:00:00,12.0,85.46770619406337,-80.45268534865394,251.38809773678068
2017-01-19 13:00:00,13.0,85.46770618651911,-80.4526853561982,251.38809772923642
2017-01-19 14:00:00,3.0,85.46770617933464,-80.45268536338267,251.38809772205195
2017-01-19 15:00:00,3.0,85.46770617249283,-80.45268537022449,251.38809771521014
2017-01-19 16:00:00,4.0,85.4677061659773,-80.45268537674,251.3880977086946
2017-01-19 17:00:00,10.0,85.46770615977253,-80.45268538294478,251.38809770248986
2017-01-19 18:00:00,5.0,85.46770615386367,-80.45268538885364,251.38809769658099
2017-01-19 19:00:00,8.0,85.46770614823663,-80.45268539448068,251.38809769095394
2017-01-19 20:00:00,8.0,85.46770614287794,-80.45268539983937,251.38809768559526
2017-01-19 21:00:00,11.0,85.46770613777483,-80.45268540494249,251.38809768049214
2017-01-19 22:00:00,9.0,85.4677061329151,-80.45268540980221,251.38809767563242
2017-01-19 23:00:00,9.0,85.46770612828713,-80.45268541443018,251.38809767100446
2017-01-20 00:00:00,10.0,85.46770612387989,-80.45268541883742,251.38809766659722
2017-01-20 01:00:00,16.0,85.46770611968283,-80.45268542303448,251.38809766240013
2017-01-20 02:00:00,14.0,85.46770611568594,-80.45268542703137,251.38809765840324
2017-01-20 03:00:00,16.0,85.46770611187968,-80.45268543083763,251.388097654597
2017-01-20 04:00:00,7.0,85.46770610825494,-80.45268543446237,251.38809765097227
2017-01-20 05:00:00,6.0,85.46770610480309,-80.45268543791423,251.3880976475204
2017-01-20 06:00:00,3.0,85.46770610151584,-80.45268544120147,251.38809764423314
2017-01-20 07:00:00,7.0,85.46770609838538,-80.45268544433193,251.3880976411027
2017-01-20 08:00:00,13.0,85.46770609540422,-80.45268544731309,251.38809763812154
2017-01-20 09:00:00,24.0,85.46770609256524,-80.45268545015207,251.38809763528255
2017-01-20 10:00:00,21.0,85.46770608986165,-80.45268545285566,251.38809763257896
2017-01-20 11:00:00,39.0,85.467706087287,-80.45268545543031,251.38809763000432
2017-01-20 12:00:00,14.0,85.46770608483514,-80.45268545788217,251.38809762755244
2017-01-20 13:00:00,14.0,85.46770608250023,-80.45268546021708,251.38809762521754
2017-01-20 14:00:00,14.0,85.46770608027667,-80.45268546244064,251.388097622994
2017-01-20 15:00:00,23.0,85.46770607815915,-80.45268546455816,251.38809762087647
2017-01-20 16:00:00,24.0,85.46770607614262,-80.45268546657469,251.38809761885994
2017-01-20 17:00:00,28.0,85.46770607422226,-80.45268546849505,251.38809761693958
2017-01-20 18:00:00,28.0,85.4677060723935,-80.45268547032381,251.3880976151108
2017-01-20 19:00:00,40.0,85.46770607065194,-80.45268547206537,251.38809761336927
2017-01-20 20:00:00,49.0,85.46770606899345,-80.45268547372386,251.38809761171075
2017-01-20 21:00:00,56.0,85.46770606741406,-80.45268547530326,251.38809761013135
2017-01-20 22:00:00,57.0,85.46770606591,-80.45268547680732,251.3880976086273
2017-01-20 23:00:00,72.0,85.46770606447765,-80.45268547823966,251.38809760719496
2017-01-21 00:00:00,73.0,85.46770606311362,-80.45268547960369,251.38809760583092
2017-01-21 01:00:00,90.0,85.46770606181465,-80.45268548090266,251.38809760453196
2017-01-21 02:00:00,97.0,85.46770606057764,-80.45268548213967,251.38809760329497
2017-01-21 03:00:00,93.0,85.46770605939962,-80.4526854833177,251.38809760211694
2017-01-21 04:00:00,106.0,85.46770605827777,-80.45268548443954,251.38809760099508
2017-01-21 05:00:00,98.0,85.46770605720944,-80.45268548550787,251.38809759992677
2017-01-21 06:00:00,63.0,85.46770605619204,-80.45268548652527,251.38809759890935
2017-01-21 07:00:00,24.0,85.46770605522318,-80.45268548749414,251.3880975979405
2017-01-21 08:00:00,16.0,85.46770605430052,-80.45268548841679,251.38809759701783
2017-01-21 09:00:00,12.0,85.46770605342186,-80.45268548929545,251.38809759613918
2017-01-21 10:00:00,3.0,85.46770605258511,-80.4526854901322,251.38809759530244
2017-01-21 11:00:00,3.0,85.46770605178827,-80.45268549092904,251.38809759450558
2017-01-21 12:00:00,6.0,85.46770605102944,-80.45268549168787,251.38809759374675
2017-01-21 13:00:00,14.0,85.46770605030679,-80.45268549241052,251.3880975930241
2017-01-21 14:00:00,11.0,85.4677060496186,-80.45268549309871,251.3880975923359
2017-01-21 15:00:00,6.0,85.46770604896324,-80.45268549375407,251.38809759168055
2017-01-21 16:00:00,9.0,85.46770604833914,-80.45268549437817,251.38809759105646
2017-01-21 17:00:00,8.0,85.46770604774478,-80.45268549497253,251.3880975904621
2017-01-21 18:00:00,8.0,85.4677060471788,-80.45268549553852,251.38809758989612
2017-01-21 19:00:00,10.0,85.46770604663979,-80.45268549607752,251.3880975893571
2017-01-21 20:00:00,12.0,85.4677060461265,-80.45268549659082,251.3880975888438
2017-01-21 21:00:00,12.0,85.46770604563768,-80.45268549707963,251.38809758835498
2017-01-21 22:00:00,16.0,85.46770604517218,-80.45268549754513,251.3880975878895
2017-01-21 23:00:00,18.0,85.46770604472887,-80.45268549798844,251.38809758744617
2017-01-22 00:00:00,18.0,85.46770604430671,-80.4526854984106,251.38809758702402
2017-01-22 01:00:00,19.0,85.46770604390468,-80.45268549881263,251.388097586622
2017-01-22 02:00:00,24.0,85.46770604352183,-80.45268549919548,251.38809758623916
2017-01-22 03:00:00,18.0,85.46770604315724,-80.45268549956008,251.38809758587456
2017-01-22 04:00:00,18.0,85.46770604281004,-80.45268549990728,251.38809758552736
2017-01-22 05:00:00,20.0,85.46770604247938,-80.45268550023793,251.3880975851967
2017-01-22 06:00:00,21.0,85.46770604216451,-80.4526855005528,251.38809758488182
2017-01-22 07:00:00,22.0,85.46770604186464,-80.45268550085267,251.38809758458194
2017-01-22 08:00:00,21.0,85.46770604157909,-80.45268550113822,251.38809758429642
2017-01-22 09:00:00,19.0,85.46770604130715,-80.45268550141016,251.38809758402448
2017-01-22 10:00:00,22.0,85.46770604104817,-80.45268550166914,251.3880975837655
2017-01-22 11:00:00,21.0,85.46770604080156,-80.45268550191575,251.38809758351886
2017-01-22 12:00:00,8.0,85.4677060405667,-80.45268550215062,251.388097583284
2017-01-22 13:00:00,17.0,85.46770604034305,-80.45268550237427,251.38809758306036
2017-01-22 14:00:00,26.0,85.46770604013005,-80.45268550258726,251.38809758284737
2017-01-22 15:00:00,25.0,85.46770603992722,-80.45268550279009,251.38809758264455
2017-01-22 16:00:00,40.0,85.46770603973405,-80.45268550298326,251.38809758245137
2017-01-22 17:00:00,58.0,85.46770603955011,-80.4526855031672,251.38809758226742
2017-01-22 18:00:00,73.0,85.46770603937495,-80.45268550334237,251.38809758209226
2017-01-22 19:00:00,84.0,85.46770603920812,-80.45268550350919,251.38809758192542
2017-01-22 20:00:00,68.0,85.46770603904926,-80.45268550366805,251.38809758176657
2017-01-22 21:00:00,50.0,85.46770603889797,-80.45268550381934,251.38809758161528
2017-01-22 22:00:00,53.0,85.4677060387539,-80.45268550396341,251.38809758147121
2017-01-22 23:00:00,43.0,85.4677060386167,-80.45268550410061,251.38809758133402
2017-01-23 00:00:00,36.0,85.46770603848604,-80.45268550423127,251.38809758120334
2017-01-23 01:00:00,35.0,85.46770603836161,-80.4526855043557,251.3880975810789
2017-01-23 02:00:00,31.0,85.46770603824312,-80.45268550447419,251.38809758096045
2017-01-23 03:00:00,25.0,85.46770603813029,-80.45268550458702,251.3880975808476
2017-01-23 04:00:00,24.0,85.46770603802283,-80.45268550469449,251.38809758074012
2017-01-23 05:00:00,23.0,85.4677060379205,-80.45268550479682,251.3880975806378
2017-01-23 06:00:00,24.0,85.46770603782304,-80.45268550489428,251.38809758054035
2017-01-23 07:00:00,21.0,85.46770603773024,-80.45268550498707,251.38809758044755
2017-01-23 08:00:00,21.0,85.46770603764185,-80.45268550507546,251.38809758035916
2017-01-23 09:00:00,20.0,85.46770603755769,-80.45268550515962,251.388097580275
2017-01-23 10:00:00,20.0,85.46770603747754,-80.45268550523977,251.38809758019485
2017-01-23 11:00:00,20.0,85.46770603740121,-80.4526855053161,251.38809758011854
2017-01-23 12:00:00,17.0,85.46770603732853,-80.45268550538879,251.38809758004584
2017-01-23 13:00:00,8.0,85.4677060372593,-80.452685505458,251.3880975799766
2017-01-23 14:00:00,30.0,85.46770603719338,-80.45268550552393,251.3880975799107
2017-01-23 15:00:00,37.0,85.46770603713061,-80.4526855055867,251.3880975798479
2017-01-23 16:00:00,38.0,85.46770603707083,-80.45268550564649,251.38809757978814
2017-01-23 17:00:00,41.0,85.4677060370139,-80.45268550570341,251.3880975797312
2017-01-23 18:00:00,49.0,85.46770603695968,-80.45268550575763,251.38809757967698
2017-01-23 19:00:00,61.0,85.46770603690806,-80.45268550580926,251.38809757962537
2017-01-23 20:00:00,76.0,85.46770603685889,-80.45268550585843,251.3880975795762
2017-01-23 21:00:00,88.0,85.46770603681206,-80.45268550590525,251.38809757952936
2017-01-23 22:00:00,98.0,85.46770603676747,-80.45268550594984,251.3880975794848
2017-01-23 23:00:00,93.0,85.467706036725,-80.4526855059923,251.38809757944233
2017-01-24 00:00:00,112.0,85.46770603668456,-80.45268550603275,251.38809757940186
2017-01-24 01:00:00,133.0,85.46770603664606,-80.45268550607125,251.38809757936338
2017-01-24 02:00:00,121.0,85.46770603660939,-80.45268550610793,251.3880975793267
2017-01-24 03:00:00,128.0,85.46770603657446,-80.45268550614286,251.38809757929175
2017-01-24 04:00:00,133.0,85.4677060365412,-80.45268550617611,251.3880975792585
2017-01-24 05:00:00,111.0,85.46770603650953,-80.45268550620779,251.38809757922684
2017-01-24 06:00:00,148.0,85.46770603647937,-80.45268550623794,251.38809757919668
2017-01-24 07:00:00,81.0,85.46770603645065,-80.45268550626666,251.38809757916795
2017-01-24 08:00:00,57.0,85.4677060364233,-80.45268550629402,251.3880975791406
2017-01-24 09:00:00,41.0,85.46770603639725,-80.45268550632007,251.38809757911457
2017-01-24 10:00:00,39.0,85.46770603637243,-80.45268550634488,251.38809757908973
2017-01-24 11:00:00,25.0,85.46770603634882,-80.4526855063685,251.38809757906614
2017-01-24 12:00:00,59.0,85.46770603632632,-80.45268550639099,251.38809757904363
2017-01-24 13:00:00,67.0,85.46770603630489,-80.45268550641242,251.3880975790222
2017-01-24 14:00:00,77.0,85.4677060362845,-80.45268550643281,251.3880975790018
2017-01-24 15:00:00,89.0,85.46770603626507,-80.45268550645224,251.38809757898238
2017-01-24 16:00:00,115.0,85.46770603624657,-80.45268550647074,251.38809757896388
2017-01-24 17:00:00,127.0,85.46770603622895,-80.45268550648836,251.38809757894626
2017-01-24 18:00:00,133.0,85.46770603621216,-80.45268550650515,251.3880975789295
2017-01-24 19:00:00,135.0,85.46770603619619,-80.45268550652112,251.38809757891352
2017-01-24 20:00:00,136.0,85.46770603618097,-80.45268550653634,251.38809757889828
2017-01-24 21:00:00,131.0,85.46770603616648,-80.45268550655084,251.3880975788838
2017-01-24 22:00:00,127.0,85.46770603615268,-80.45268550656463,251.38809757886997
2017-01-24 23:00:00,143.0,85.46770603613953,-80.45268550657778,251.38809757885684
2017-01-25 00:00:00,147.0,85.46770603612701,-80.4526855065903,251.38809757884434
2017-01-25 01:00:00,161.0,85.4677060361151,-80.45268550660221,251.3880975788324
2017-01-25 02:00:00,176.0,85.46770603610375,-80.45268550661356,251.38809757882106
2017-01-25 03:00:00,199.0,85.46770603609293,-80.45268550662438,251.38809757881023
2017-01-25 04:00:00,210.0,85.46770603608265,-80.45268550663467,251.38809757879994
2017-01-25 05:00:00,236.0,85.46770603607284,-80.45268550664447,251.38809757879017
2017-01-25 06:00:00,230.0,85.4677060360635,-80.45268550665381,251.38809757878082
2017-01-25 07:00:00,215.0,85.46770603605462,-80.45268550666269,251.38809757877192
2017-01-25 08:00:00,153.0,85.46770603604615,-80.45268550667116,251.38809757876345
2017-01-25 09:00:00,163.0,85.4677060360381,-80.45268550667922,251.3880975787554
2017-01-25 10:00:00,161.0,85.46770603603042,-80.45268550668689,251.38809757874773
2017-01-25 11:00:00,144.0,85.4677060360231,-80.45268550669421,251.38809757874043
2017-01-25 12:00:00,142.0,85.46770603601614,-80.45268550670117,251.38809757873344
2017-01-25 13:00:00,147.0,85.46770603600952,-80.4526855067078,251.38809757872684
2017-01-25 14:00:00,155.0,85.4677060360032,-80.45268550671412,251.3880975787205
2017-01-25 15:00:00,163.0,85.46770603599718,-80.45268550672013,251.3880975787145
2017-01-25 16:00:00,173.0,85.46770603599145,-80.45268550672586,251.38809757870877
2017-01-25 17:00:00,202.0,85.467706035986,-80.45268550673131,251.3880975787033
2017-01-25 18:00:00,198.0,85.46770603598081,-80.4526855067365,251.38809757869814
2017-01-25 19:00:00,207.0,85.46770603597587,-80.45268550674145,251.3880975786932
2017-01-25 20:00:00,227.0,85.46770603597116,-80.45268550674615,251.38809757868847
2017-01-25 21:00:00,240.0,85.46770603596667,-80.45268550675064,251.38809757868398
2017-01-25 22:00:00,259.0,85.4677060359624,-80.45268550675492,251.38809757867972
2017-01-25 23:00:00,269.0,85.46770603595833,-80.45268550675898,251.38809757867563
2017-01-26 00:00:00,273.0,85.46770603595446,-80.45268550676285,251.38809757867176
2017-01-26 01:00:00,299.0,85.46770603595077,-80.45268550676654,251.38809757866807
2017-01-26 02:00:00,330.0,85.46770603594726,-80.45268550677005,251.38809757866457
2017-01-26 03:00:00,356.0,85.4677060359439,-80.4526855067734,251.38809757866122
2017-01-26 04:00:00,326.0,85.46770603594072,-80.45268550677659,251.38809757865803
2017-01-26 05:00:00,345.0,85.4677060359377,-80.45268550677962,251.388097578655
2017-01-26 06:00:00,329.0,85.4677060359348,-80.45268550678252,251.3880975786521
2017-01-26 07:00:00,319.0,85.46770603593205,-80.45268550678526,251.38809757864937
2017-01-26 08:00:00,289.0,85.46770603592944,-80.45268550678787,251.38809757864675
2017-01-26 09:00:00,285.0,85.46770603592694,-80.45268550679037,251.38809757864425
2017-01-26 10:00:00,291.0,85.46770603592456,-80.45268550679275,251.38809757864186
2017-01-26 11:00:00,312.0,85.46770603592229,-80.45268550679502,251.3880975786396
2017-01-26 12:00:00,3.0,85.46770603592014,-80.45268550679717,251.38809757863746
2017-01-26 13:00:00,101.0,85.46770603591808,-80.45268550679923,251.38809757863538
2017-01-26 14:00:00,102.0,85.46770603591614,-80.45268550680117,251.38809757863345
2017-01-26 15:00:00,56.0,85.46770603591428,-80.45268550680304,251.38809757863157
2017-01-26 16:00:00,12.0,85.4677060359125,-80.45268550680481,251.3880975786298
2017-01-26 17:00:00,8.0,85.46770603591081,-80.4526855068065,251.3880975786281
2017-01-26 18:00:00,8.0,85.4677060359092,-80.45268550680811,251.3880975786265
2017-01-26 19:00:00,18.0,85.46770603590768,-80.45268550680963,251.38809757862498
2017-01-26 20:00:00,9.0,85.46770603590622,-80.4526855068111,251.38809757862353
2017-01-26 21:00:00,6.0,85.46770603590483,-80.45268550681249,251.38809757862214
2017-01-26 22:00:00,5.0,85.4677060359035,-80.45268550681381,251.38809757862083
2017-01-26 23:00:00,10.0,85.46770603590225,-80.45268550681506,251.38809757861958
2017-01-27 00:00:00,12.0,85.46770603590105,-80.45268550681627,251.38809757861836
2017-01-27 01:00:00,10.0,85.46770603589991,-80.4526855068174,251.38809757861722
2017-01-27 02:00:00,11.0,85.46770603589883,-80.45268550681848,251.38809757861614
2017-01-27 03:00:00,10.0,85.46770603589779,-80.45268550681952,251.3880975786151
2017-01-27 04:00:00,8.0,85.4677060358968,-80.45268550682052,251.38809757861412
2017-01-27 05:00:00,9.0,85.46770603589586,-80.45268550682145,251.38809757861316
2017-01-27 06:00:00,8.0,85.46770603589496,-80.45268550682235,251.38809757861227
2017-01-27 07:00:00,11.0,85.46770603589411,-80.4526855068232,251.38809757861142
2017-01-27 08:00:00,12.0,85.4677060358933,-80.45268550682401,251.3880975786106
2017-01-27 09:00:00,18.0,85.46770603589253,-80.45268550682478,251.38809757860986
2017-01-27 10:00:00,30.0,85.4677060358918,-80.45268550682552,251.38809757860912
2017-01-27 11:00:00,35.0,85.4677060358911,-80.45268550682621,251.3880975786084
2017-01-27 12:00:00,47.0,85.46770603589043,-80.45268550682688,251.38809757860776
2017-01-27 13:00:00,46.0,85.46770603588979,-80.45268550682752,251.3880975786071
2017-01-27 14:00:00,42.0,85.4677060358892,-80.45268550682812,251.3880975786065
2017-01-27 15:00:00,48.0,85.46770603588861,-80.4526855068287,251.38809757860594
2017-01-27 16:00:00,52.0,85.46770603588807,-80.45268550682924,251.38809757860537
2017-01-27 17:00:00,68.0,85.46770603588755,-80.45268550682977,251.38809757860486
2017-01-27 18:00:00,72.0,85.46770603588705,-80.45268550683026,251.38809757860435
2017-01-27 19:00:00,92.0,85.46770603588658,-80.45268550683073,251.3880975786039
2017-01-27 20:00:00,123.0,85.46770603588612,-80.45268550683119,251.38809757860344
2017-01-27 21:00:00,192.0,85.4677060358857,-80.45268550683161,251.388097578603
2017-01-27 22:00:00,281.0,85.46770603588529,-80.45268550683203,251.38809757860258
2017-01-27 23:00:00,313.0,85.46770603588489,-80.45268550683242,251.38809757860218
2017-01-28 00:00:00,364.0,85.46770603588452,-80.4526855068328,251.38809757860184
2017-01-28 01:00:00,654.0,85.46770603588416,-80.45268550683315,251.38809757860147
2017-01-28 02:00:00,646.0,85.46770603588384,-80.45268550683348,251.38809757860116
2017-01-28 03:00:00,645.0,85.46770603588351,-80.4526855068338,251.38809757860082
2017-01-28 04:00:00,681.0,85.46770603588321,-80.4526855068341,251.38809757860054
2017-01-28 05:00:00,580.0,85.46770603588291,-80.4526855068344,251.38809757860022
2017-01-28 06:00:00,575.0,85.46770603588264,-80.45268550683467,251.38809757859997
2017-01-28 07:00:00,458.0,85.46770603588237,-80.45268550683494,251.38809757859968
2017-01-28 08:00:00,365.0,85.46770603588213,-80.45268550683518,251.38809757859946
2017-01-28 09:00:00,313.0,85.46770603588189,-80.45268550683542,251.3880975785992
2017-01-28 10:00:00,271.0,85.46770603588166,-80.45268550683565,251.38809757859897
2017-01-28 11:00:00,267.0,85.46770603588145,-80.45268550683586,251.38809757859877
2017-01-28 12:00:00,257.0,85.46770603588124,-80.45268550683608,251.38809757859855
2017-01-28 13:00:00,269.0,85.46770603588104,-80.45268550683627,251.38809757859835
2017-01-28 14:00:00,237.0,85.46770603588085,-80.45268550683646,251.38809757859815
2017-01-28 15:00:00,244.0,85.46770603588067,-80.45268550683664,251.38809757859798
2017-01-28 16:00:00,250.0,85.46770603588051,-80.4526855068368,251.3880975785978
2017-01-28 17:00:00,261.0,85.46770603588034,-80.45268550683697,251.38809757859764
2017-01-28 18:00:00,258.0,85.46770603588018,-80.45268550683713,251.3880975785975
2017-01-28 19:00:00,283.0,85.46770603588004,-80.45268550683727,251.38809757859735
2017-01-28 20:00:00,261.0,85.4677060358799,-80.45268550683741,251.3880975785972
2017-01-28 21:00:00,255.0,85.46770603587977,-80.45268550683754,251.38809757859707
2017-01-28 22:00:00,263.0,85.46770603587964,-80.45268550683767,251.38809757859696
2017-01-28 23:00:00,284.0,85.46770603587952,-80.4526855068378,251.38809757859684
2017-01-29 00:00:00,271.0,85.4677060358794,-80.45268550683791,251.38809757859673
2017-01-29 01:00:00,300.0,85.4677060358793,-80.45268550683801,251.38809757859661
2017-01-29 02:00:00,237.0,85.46770603587919,-80.45268550683812,251.3880975785965
2017-01-29 03:00:00,49.0,85.46770603587909,-80.45268550683822,251.3880975785964
2017-01-29 04:00:00,6.0,85.467706035879,-80.45268550683831,251.38809757859633
2017-01-29 05:00:00,7.0,85.4677060358789,-80.4526855068384,251.38809757859622
2017-01-29 06:00:00,16.0,85.46770603587882,-80.45268550683849,251.38809757859613
2017-01-29 07:00:00,12.0,85.46770603587875,-80.45268550683856,251.38809757859605
2017-01-29 08:00:00,12.0,85.46770603587866,-80.45268550683865,251.388097578596
2017-01-29 09:00:00,16.0,85.46770603587859,-80.45268550683872,251.3880975785959
2017-01-29 10:00:00,12.0,85.46770603587852,-80.45268550683879,251.38809757859582
2017-01-29 11:00:00,9.0,85.46770603587845,-80.45268550683886,251.38809757859576
2017-01-29 12:00:00,14.0,85.4677060358784,-80.45268550683892,251.3880975785957
2017-01-29 13:00:00,17.0,85.46770603587832,-80.45268550683899,251.38809757859565
2017-01-29 14:00:00,15.0,85.46770603587827,-80.45268550683905,251.3880975785956
2017-01-29 15:00:00,15.0,85.46770603587822,-80.45268550683909,251.38809757859553
2017-01-29 16:00:00,16.0,85.46770603587817,-80.45268550683915,251.38809757859548
2017-01-29 17:00:00,16.0,85.46770603587811,-80.4526855068392,251.38809757859542
2017-01-29 18:00:00,15.0,85.46770603587807,-80.45268550683925,251.38809757859536
2017-01-29 19:00:00,10.0,85.46770603587802,-80.45268550683929,251.38809757859534
2017-01-29 20:00:00,6.0,85.46770603587798,-80.45268550683933,251.3880975785953
2017-01-29 21:00:00,7.0,85.46770603587794,-80.45268550683937,251.38809757859525
2017-01-29 22:00:00,7.0,85.4677060358779,-80.45268550683942,251.3880975785952
2017-01-29 23:00:00,11.0,85.46770603587785,-80.45268550683946,251.38809757859516
2017-01-30 00:00:00,10.0,85.46770603587782,-80.45268550683949,251.38809757859514
2017-01-30 01:00:00,8.0,85.4677060358778,-80.45268550683952,251.3880975785951
2017-01-30 02:00:00,11.0,85.46770603587775,-80.45268550683956,251.38809757859508
2017-01-30 03:00:00,9.0,85.46770603587773,-80.45268550683959,251.38809757859502
2017-01-30 04:00:00,14.0,85.4677060358777,-80.45268550683961,251.38809757859502
2017-01-30 05:00:00,14.0,85.46770603587767,-80.45268550683964,251.38809757859497
2017-01-30 06:00:00,12.0,85.46770603587764,-80.45268550683967,251.38809757859497
2017-01-30 07:00:00,14.0,85.46770603587761,-80.4526855068397,251.3880975785949
2017-01-30 08:00:00,14.0,85.4677060358776,-80.45268550683971,251.3880975785949
2017-01-30 09:00:00,16.0,85.46770603587757,-80.45268550683974,251.38809757859488
2017-01-30 10:00:00,27.0,85.46770603587755,-80.45268550683976,251.38809757859485
2017-01-30 11:00:00,10.0,85.46770603587753,-80.45268550683979,251.38809757859485
2017-01-30 12:00:00,10.0,85.46770603587751,-80.4526855068398,251.38809757859482
2017-01-30 13:00:00,10.0,85.46770603587748,-80.45268550683983,251.3880975785948
2017-01-30 14:00:00,12.0,85.46770603587747,-80.45268550683984,251.3880975785948
2017-01-30 15:00:00,11.0,85.46770603587746,-80.45268550683986,251.38809757859477
2017-01-30 16:00:00,9.0,85.46770603587744,-80.45268550683987,251.38809757859474
2017-01-30 17:00:00,41.0,85.46770603587743,-80.45268550683988,251.38809757859474
2017-01-30 18:00:00,125.0,85.46770603587741,-80.4526855068399,251.38809757859474
2017-01-30 19:00:00,87.0,85.4677060358774,-80.45268550683991,251.3880975785947
2017-01-30 20:00:00,70.0,85.46770603587738,-80.45268550683993,251.38809757859468
2017-01-30 21:00:00,66.0,85.46770603587737,-80.45268550683994,251.38809757859468
2017-01-30 22:00:00,66.0,85.46770603587736,-80.45268550683996,251.38809757859468
2017-01-30 23:00:00,82.0,85.46770603587734,-80.45268550683997,251.38809757859465
2017-01-31 00:00:00,95.0,85.46770603587733,-80.45268550683998,251.38809757859462
2017-01-31 01:00:00,101.0,85.46770603587733,-80.45268550683998,251.38809757859462
2017-01-31 02:00:00,98.0,85.46770603587731,-80.45268550684,251.38809757859462
2017-01-31 03:00:00,104.0,85.4677060358773,-80.45268550684001,251.38809757859462
2017-01-31 04:00:00,103.0,85.4677060358773,-80.45268550684001,251.38809757859462
2017-01-31 05:00:00,105.0,85.46770603587728,-80.45268550684003,251.3880975785946
2017-01-31 06:00:00,106.0,85.46770603587728,-80.45268550684003,251.3880975785946
2017-01-31 07:00:00,116.0,85.46770603587727,-80.45268550684004,251.38809757859457
2017-01-31 08:00:00,113.0,85.46770603587726,-80.45268550684006,251.38809757859457
2017-01-31 09:00:00,84.0,85.46770603587726,-80.45268550684006,251.38809757859457
2017-01-31 10:00:00,69.0,85.46770603587724,-80.45268550684007,251.38809757859457
2017-01-31 11:00:00,70.0,85.46770603587724,-80.45268550684007,251.38809757859457
2017-01-31 12:00:00,70.0,85.46770603587724,-80.45268550684007,251.38809757859457
2017-01-31 13:00:00,67.0,85.46770603587723,-80.45268550684008,251.38809757859454
2017-01-31 14:00:00,85.0,85.46770603587723,-80.45268550684008,251.38809757859454
2017-01-31 15:00:00,92.0,85.46770603587721,-80.4526855068401,251.3880975785945
2017-01-31 16:00:00,80.0,85.46770603587721,-80.4526855068401,251.3880975785945
2017-01-31 17:00:00,80.0,85.46770603587721,-80.4526855068401,251.3880975785945
2017-01-31 18:00:00,82.0,85.4677060358772,-80.45268550684011,251.3880975785945
2017-01-31 19:00:00,102.0,85.4677060358772,-80.45268550684011,251.3880975785945
2017-01-31 20:00:00,115.0,85.4677060358772,-80.45268550684011,251.3880975785945
2017-01-31 21:00:00,50.0,85.4677060358772,-80.45268550684011,251.3880975785945
2017-01-31 22:00:00,15.0,85.46770603587719,-80.45268550684013,251.3880975785945
2017-01-31 23:00:00,10.0,85.46770603587719,-80.45268550684013,251.3880975785945
2017-02-01 00:00:00,10.0,85.46770603587719,-80.45268550684013,251.3880975785945
2017-02-01 01:00:00,9.0,85.46770603587719,-80.45268550684013,251.3880975785945
2017-02-01 02:00:00,9.0,85.46770603587717,-80.45268550684014,251.38809757859448
2017-02-01 03:00:00,12.0,85.46770603587717,-80.45268550684014,251.38809757859448
2017-02-01 04:00:00,7.0,85.46770603587717,-80.45268550684014,251.38809757859448
2017-02-01 05:00:00,10.0,85.46770603587717,-80.45268550684014,251.38809757859448
2017-02-01 06:00:00,7.0,85.46770603587717,-80.45268550684014,251.38809757859448
2017-02-01 07:00:00,5.0,85.46770603587716,-80.45268550684015,251.38809757859445
2017-02-01 08:00:00,6.0,85.46770603587716,-80.45268550684015,251.38809757859445
2017-02-01 09:00:00,8.0,85.46770603587716,-80.45268550684015,251.38809757859445
2017-02-01 10:00:00,7.0,85.46770603587716,-80.45268550684015,251.38809757859445
2017-02-01 11:00:00,3.0,85.46770603587716,-80.45268550684015,251.38809757859445
2017-02-01 12:00:00,3.0,85.46770603587716,-80.45268550684015,251.38809757859445
2017-02-01 13:00:00,7.0,85.46770603587716,-80.45268550684015,251.38809757859445
2017-02-01 14:00:00,11.0,85.46770603587714,-80.45268550684017,251.38809757859445
2017-02-01 15:00:00,14.0,85.46770603587714,-80.45268550684017,251.38809757859445
2017-02-01 16:00:00,15.0,85.46770603587714,-80.45268550684017,251.38809757859445
2017-02-01 17:00:00,22.0,85.46770603587714,-80.45268550684017,251.38809757859445
2017-02-01 18:00:00,57.0,85.46770603587714,-80.45268550684017,251.38809757859445
2017-02-01 19:00:00,71.0,85.46770603587714,-80.45268550684017,251.38809757859445
2017-02-01 20:00:00,109.0,85.46770603587714,-80.45268550684017,251.38809757859445
2017-02-01 21:00:00,132.0,85.46770603587714,-80.45268550684017,251.38809757859445
2017-02-01 22:00:00,134.0,85.46770603587714,-80.45268550684017,251.38809757859445
2017-02-01 23:00:00,152.0,85.46770603587714,-80.45268550684017,251.38809757859445
2017-02-02 00:00:00,185.0,85.46770603587713,-80.45268550684018,251.38809757859445
2017-02-02 01:00:00,180.0,85.46770603587713,-80.45268550684018,251.38809757859445
2017-02-02 02:00:00,142.0,85.46770603587713,-80.45268550684018,251.38809757859445
2017-02-02 03:00:00,120.0,85.46770603587713,-80.45268550684018,251.38809757859445
2017-02-02 04:00:00,70.0,85.46770603587713,-80.45268550684018,251.38809757859445
2017-02-02 05:00:00,50.0,85.46770603587713,-80.45268550684018,251.38809757859445
2017-02-02 06:00:00,39.0,85.46770603587713,-80.45268550684018,251.38809757859445
2017-02-02 07:00:00,38.0,85.46770603587713,-80.45268550684018,251.38809757859445
2017-02-02 08:00:00,38.0,85.46770603587713,-80.45268550684018,251.38809757859445
2017-02-02 09:00:00,44.0,85.46770603587713,-80.45268550684018,251.38809757859445
2017-02-02 10:00:00,39.44444444444444,85.46770603587713,-80.45268550684018,251.38809757859445
2017-02-02 11:00:00,34.888888888888886,85.46770603587713,-80.45268550684018,251.38809757859445
2017-02-02 12:00:00,30.333333333333336,85.46770603587713,-80.45268550684018,251.38809757859445
2017-02-02 13:00:00,25.77777777777778,85.46770603587713,-80.45268550684018,251.38809757859445
2017-02-02 14:00:00,21.22222222222222,85.46770603587713,-80.45268550684018,251.38809757859445
2017-02-02 15:00:00,16.666666666666668,85.46770603587713,-80.45268550684018,251.38809757859445
2017-02-02 16:00:00,12.11111111111111,85.46770603587713,-80.45268550684018,251.38809757859445
2017-02-02 17:00:00,7.555555555555557,85.46770603587713,-80.45268550684018,251.38809757859445
2017-02-02 18:00:00,3.0,85.46770603587713,-80.45268550684018,251.38809757859445
2017-02-02 19:00:00,3.0,85.46770603587713,-80.45268550684018,251.38809757859445
2017-02-02 20:00:00,122.0,85.46770603587713,-80.45268550684018,251.38809757859445
2017-02-02 21:00:00,159.0,85.46770603587713,-80.45268550684018,251.38809757859445
2017-02-02 22:00:00,171.0,85.46770603587713,-80.45268550684018,251.38809757859445
2017-02-02 23:00:00,177.0,85.46770603587711,-80.4526855068402,251.38809757859443
2017-02-03 00:00:00,189.0,85.46770603587711,-80.4526855068402,251.38809757859443
2017-02-03 01:00:00,198.0,85.46770603587711,-80.4526855068402,251.38809757859443
2017-02-03 02:00:00,149.0,85.46770603587711,-80.4526855068402,251.38809757859443
2017-02-03 03:00:00,173.0,85.46770603587711,-80.4526855068402,251.38809757859443
2017-02-03 04:00:00,207.0,85.46770603587711,-80.4526855068402,251.38809757859443
2017-02-03 05:00:00,144.0,85.46770603587711,-80.4526855068402,251.38809757859443
2017-02-03 06:00:00,82.0,85.46770603587711,-80.4526855068402,251.38809757859443
2017-02-03 07:00:00,67.0,85.46770603587711,-80.4526855068402,251.38809757859443
2017-02-03 08:00:00,70.0,85.46770603587711,-80.4526855068402,251.38809757859443
2017-02-03 09:00:00,82.0,85.46770603587711,-80.4526855068402,251.38809757859443
2017-02-03 10:00:00,61.0,85.46770603587711,-80.4526855068402,251.38809757859443
2017-02-03 11:00:00,67.0,85.46770603587711,-80.4526855068402,251.38809757859443
2017-02-03 12:00:00,83.0,85.46770603587711,-80.4526855068402,251.38809757859443
2017-02-03 13:00:00,103.0,85.46770603587711,-80.4526855068402,251.38809757859443
2017-02-03 14:00:00,118.0,85.46770603587711,-80.4526855068402,251.38809757859443
2017-02-03 15:00:00,145.0,85.46770603587711,-80.4526855068402,251.38809757859443
2017-02-03 16:00:00,206.0,85.46770603587711,-80.4526855068402,251.38809757859443
2017-02-03 17:00:00,235.0,85.46770603587711,-80.4526855068402,251.38809757859443
2017-02-03 18:00:00,250.0,85.46770603587711,-80.4526855068402,251.38809757859443
2017-02-03 19:00:00,267.0,85.46770603587711,-80.4526855068402,251.38809757859443
2017-02-03 20:00:00,297.0,85.46770603587711,-80.4526855068402,251.38809757859443
2017-02-03 21:00:00,312.0,85.46770603587711,-80.4526855068402,251.38809757859443
2017-02-03 22:00:00,326.0,85.46770603587711,-80.4526855068402,251.38809757859443
2017-02-03 23:00:00,326.0,85.46770603587711,-80.4526855068402,251.38809757859443
2017-02-04 00:00:00,320.0,85.46770603587711,-80.4526855068402,251.38809757859443
2017-02-04 01:00:00,318.0,85.46770603587711,-80.4526855068402,251.38809757859443
2017-02-04 02:00:00,319.0,85.46770603587711,-80.4526855068402,251.38809757859443
2017-02-04 03:00:00,318.0,85.46770603587711,-80.4526855068402,251.38809757859443
2017-02-04 04:00:00,338.0,85.46770603587711,-80.4526855068402,251.38809757859443
2017-02-04 05:00:00,360.0,85.46770603587711,-80.4526855068402,251.38809757859443
2017-02-04 06:00:00,363.0,85.46770603587711,-80.4526855068402,251.38809757859443
2017-02-04 07:00:00,358.0,85.46770603587711,-80.4526855068402,251.38809757859443
2017-02-04 08:00:00,359.0,85.46770603587711,-80.4526855068402,251.38809757859443
2017-02-04 09:00:00,327.0,85.46770603587711,-80.4526855068402,251.38809757859443
2017-02-04 10:00:00,294.0,85.46770603587711,-80.4526855068402,251.38809757859443
2017-02-04 11:00:00,304.0,85.46770603587711,-80.4526855068402,251.38809757859443
2017-02-04 12:00:00,315.0,85.46770603587711,-80.4526855068402,251.38809757859443
2017-02-04 13:00:00,320.0,85.46770603587711,-80.4526855068402,251.38809757859443
2017-02-04 14:00:00,281.0,85.46770603587711,-80.4526855068402,251.38809757859443
2017-02-04 15:00:00,324.0,85.46770603587711,-80.4526855068402,251.38809757859443
2017-02-04 16:00:00,366.0,85.46770603587711,-80.4526855068402,251.38809757859443
2017-02-04 17:00:00,382.0,85.46770603587711,-80.4526855068402,251.38809757859443
2017-02-04 18:00:00,379.0,85.46770603587711,-80.4526855068402,251.38809757859443
2017-02-04 19:00:00,405.0,85.46770603587711,-80.4526855068402,251.38809757859443
2017-02-04 20:00:00,186.0,85.46770603587711,-80.4526855068402,251.38809757859443
2017-02-04 21:00:00,38.0,85.46770603587711,-80.4526855068402,251.38809757859443
2017-02-04 22:00:00,17.0,85.46770603587711,-80.4526855068402,251.38809757859443
2017-02-04 23:00:00,8.0,85.46770603587711,-80.4526855068402,251.38809757859443
2017-02-05 00:00:00,15.0,85.46770603587711,-80.4526855068402,251.38809757859443
2017-02-05 01:00:00,17.0,85.46770603587711,-80.4526855068402,251.38809757859443
2017-02-05 02:00:00,20.0,85.46770603587711,-80.4526855068402,251.38809757859443
2017-02-05 03:00:00,21.0,85.46770603587711,-80.4526855068402,251.38809757859443
2017-02-05 04:00:00,22.0,85.46770603587711,-80.4526855068402,251.38809757859443
2017-02-05 05:00:00,24.0,85.46770603587711,-80.4526855068402,251.38809757859443
2017-02-05 06:00:00,22.0,85.46770603587711,-80.4526855068402,251.38809757859443
2017-02-05 07:00:00,15.0,85.46770603587711,-80.4526855068402,251.38809757859443
2017-02-05 08:00:00,15.0,85.46770603587711,-80.4526855068402,251.38809757859443
2017-02-05 09:00:00,9.0,85.46770603587711,-80.4526855068402,251.38809757859443
2017-02-05 10:00:00,10.0,85.46770603587711,-80.4526855068402,251.38809757859443
2017-02-05 11:00:00,7.0,85.46770603587711,-80.4526855068402,251.38809757859443
2017-02-05 12:00:00,9.0,85.46770603587711,-80.4526855068402,251.38809757859443
2017-02-05 13:00:00,11.0,85.46770603587711,-80.4526855068402,251.38809757859443
2017-02-05 14:00:00,8.0,85.46770603587711,-80.4526855068402,251.38809757859443
2017-02-05 15:00:00,13.0,85.46770603587711,-80.4526855068402,251.38809757859443
2017-02-05 16:00:00,17.0,85.46770603587711,-80.4526855068402,251.38809757859443
2017-02-05 17:00:00,19.0,85.46770603587711,-80.4526855068402,251.38809757859443
2017-02-05 18:00:00,14.0,85.46770603587711,-80.4526855068402,251.38809757859443
2017-02-05 19:00:00,8.0,85.46770603587711,-80.4526855068402,251.38809757859443
2017-02-05 20:00:00,9.0,85.46770603587711,-80.4526855068402,251.38809757859443
2017-02-05 21:00:00,12.0,85.46770603587711,-80.4526855068402,251.38809757859443
2017-02-05 22:00:00,8.0,85.46770603587711,-80.4526855068402,251.38809757859443
2017-02-05 23:00:00,10.0,85.46770603587711,-80.4526855068402,251.38809757859443
2017-02-06 00:00:00,10.0,85.46770603587711,-80.4526855068402,251.38809757859443
2017-02-06 01:00:00,6.0,85.46770603587711,-80.4526855068402,251.38809757859443
2017-02-06 02:00:00,6.0,85.46770603587711,-80.4526855068402,251.38809757859443
2017-02-06 03:00:00,4.0,85.46770603587711,-80.4526855068402,251.38809757859443
2017-02-06 04:00:00,3.0,85.46770603587711,-80.4526855068402,251.38809757859443
2017-02-06 05:00:00,4.0,85.46770603587711,-80.4526855068402,251.38809757859443
2017-02-06 06:00:00,6.0,85.46770603587711,-80.4526855068402,251.38809757859443
2017-02-06 07:00:00,4.0,85.46770603587711,-80.4526855068402,251.38809757859443
2017-02-06 08:00:00,7.0,85.46770603587711,-80.4526855068402,251.38809757859443
2017-02-06 09:00:00,4.0,85.46770603587711,-80.4526855068402,251.38809757859443
2017-02-06 10:00:00,9.0,85.46770603587711,-80.4526855068402,251.38809757859443
2017-02-06 11:00:00,4.0,85.46770603587711,-80.4526855068402,251.38809757859443
2017-02-06 12:00:00,3.0,85.46770603587711,-80.4526855068402,251.38809757859443
2017-02-06 13:00:00,7.0,85.46770603587711,-80.4526855068402,251.38809757859443
2017-02-06 14:00:00,3.0,85.46770603587711,-80.4526855068402,251.38809757859443
2017-02-06 15:00:00,7.0,85.46770603587711,-80.4526855068402,251.38809757859443
2017-02-06 16:00:00,9.0,85.46770603587711,-80.4526855068402,251.38809757859443
2017-02-06 17:00:00,11.0,85.46770603587711,-80.4526855068402,251.38809757859443
2017-02-06 18:00:00,7.0,85.46770603587711,-80.4526855068402,251.38809757859443
2017-02-06 19:00:00,3.0,85.46770603587711,-80.4526855068402,251.38809757859443
2017-02-06 20:00:00,29.0,85.46770603587711,-80.4526855068402,251.38809757859443
2017-02-06 21:00:00,47.0,85.46770603587711,-80.4526855068402,251.38809757859443
2017-02-06 22:00:00,49.0,85.46770603587711,-80.4526855068402,251.38809757859443
2017-02-06 23:00:00,50.0,85.46770603587711,-80.4526855068402,251.38809757859443
2017-02-07 00:00:00,64.0,85.46770603587711,-80.4526855068402,251.38809757859443
2017-02-07 01:00:00,75.0,85.46770603587711,-80.4526855068402,251.38809757859443
2017-02-07 02:00:00,77.0,85.46770603587711,-80.4526855068402,251.38809757859443
2017-02-07 03:00:00,77.0,85.46770603587711,-80.4526855068402,251.38809757859443
2017-02-07 04:00:00,74.0,85.46770603587711,-80.4526855068402,251.38809757859443
2017-02-07 05:00:00,79.0,85.46770603587711,-80.4526855068402,251.38809757859443
2017-02-07 06:00:00,73.0,85.46770603587711,-80.4526855068402,251.38809757859443
2017-02-07 07:00:00,74.0,85.46770603587711,-80.4526855068402,251.38809757859443
2017-02-07 08:00:00,75.0,85.46770603587711,-80.4526855068402,251.38809757859443
2017-02-07 09:00:00,83.0,85.46770603587711,-80.4526855068402,251.38809757859443
2017-02-07 10:00:00,79.0,85.46770603587711,-80.4526855068402,251.38809757859443
2017-02-07 11:00:00,53.0,85.46770603587711,-80.4526855068402,251.38809757859443
2017-02-07 12:00:00,45.0,85.46770603587711,-80.4526855068402,251.38809757859443
2017-02-07 13:00:00,46.0,85.46770603587711,-80.4526855068402,251.38809757859443
2017-02-07 14:00:00,52.0,85.46770603587711,-80.4526855068402,251.38809757859443
2017-02-07 15:00:00,53.0,85.46770603587711,-80.4526855068402,251.38809757859443
2017-02-07 16:00:00,55.0,85.46770603587711,-80.4526855068402,251.38809757859443
2017-02-07 17:00:00,93.0,85.46770603587711,-80.4526855068402,251.38809757859443
2017-02-07 18:00:00,116.0,85.46770603587711,-80.4526855068402,251.38809757859443
2017-02-07 19:00:00,115.0,85.46770603587711,-80.4526855068402,251.38809757859443
2017-02-07 20:00:00,114.0,85.46770603587711,-80.4526855068402,251.38809757859443
2017-02-07 21:00:00,123.0,85.46770603587711,-80.4526855068402,251.38809757859443
2017-02-07 22:00:00,127.0,85.46770603587711,-80.4526855068402,251.38809757859443
2017-02-07 23:00:00,116.0,85.46770603587711,-80.4526855068402,251.38809757859443
2017-02-08 00:00:00,121.0,85.46770603587711,-80.4526855068402,251.38809757859443
2017-02-08 01:00:00,122.0,85.46770603587711,-80.4526855068402,251.38809757859443
2017-02-08 02:00:00,122.0,85.46770603587711,-80.4526855068402,251.38809757859443
2017-02-08 03:00:00,125.0,85.46770603587711,-80.4526855068402,251.38809757859443
2017-02-08 04:00:00,99.0,85.46770603587711,-80.4526855068402,251.38809757859443
2017-02-08 05:00:00,104.0,85.46770603587711,-80.4526855068402,251.38809757859443
2017-02-08 06:00:00,68.0,85.46770603587711,-80.4526855068402,251.38809757859443
2017-02-08 07:00:00,18.0,85.46770603587711,-80.4526855068402,251.38809757859443
2017-02-08 08:00:00,21.0,85.46770603587711,-80.4526855068402,251.38809757859443
2017-02-08 09:00:00,18.0,85.46770603587711,-80.4526855068402,251.38809757859443
2017-02-08 10:00:00,17.0,85.46770603587711,-80.4526855068402,251.38809757859443
2017-02-08 11:00:00,19.0,85.46770603587711,-80.4526855068402,251.38809757859443
2017-02-08 12:00:00,17.0,85.46770603587711,-80.4526855068402,251.38809757859443
2017-02-08 13:00:00,20.0,85.46770603587711,-80.4526855068402,251.38809757859443
2017-02-08 14:00:00,22.0,85.46770603587711,-80.4526855068402,251.38809757859443
2017-02-08 15:00:00,16.0,85.46770603587711,-80.4526855068402,251.38809757859443
2017-02-08 16:00:00,16.0,85.46770603587711,-80.4526855068402,251.38809757859443
2017-02-08 17:00:00,17.0,85.46770603587711,-80.4526855068402,251.38809757859443
2017-02-08 18:00:00,14.0,85.46770603587711,-80.4526855068402,251.38809757859443
2017-02-08 19:00:00,18.0,85.46770603587711,-80.4526855068402,251.38809757859443
2017-02-08 20:00:00,20.0,85.46770603587711,-80.4526855068402,251.38809757859443
2017-02-08 21:00:00,18.0,85.46770603587711,-80.4526855068402,251.38809757859443
2017-02-08 22:00:00,16.0,85.46770603587711,-80.4526855068402,251.38809757859443
2017-02-08 23:00:00,20.0,85.46770603587711,-80.4526855068402,251.38809757859443
2017-02-09 00:00:00,16.0,85.46770603587711,-80.4526855068402,251.38809757859443
2017-02-09 01:00:00,14.0,85.46770603587711,-80.4526855068402,251.38809757859443
2017-02-09 02:00:00,15.0,85.46770603587711,-80.4526855068402,251.38809757859443
2017-02-09 03:00:00,14.5,85.46770603587711,-80.4526855068402,251.38809757859443
2017-02-09 04:00:00,14.0,85.46770603587711,-80.4526855068402,251.38809757859443
2017-02-09 05:00:00,14.0,85.46770603587711,-80.4526855068402,251.38809757859443
2017-02-09 06:00:00,12.0,85.46770603587711,-80.4526855068402,251.38809757859443
2017-02-09 07:00:00,13.0,85.46770603587711,-80.4526855068402,251.38809757859443
2017-02-09 08:00:00,15.0,85.46770603587711,-80.4526855068402,251.38809757859443
2017-02-09 09:00:00,13.0,85.46770603587711,-80.4526855068402,251.38809757859443
2017-02-09 10:00:00,12.0,85.46770603587711,-80.4526855068402,251.38809757859443
2017-02-09 11:00:00,12.0,85.46770603587711,-80.4526855068402,251.38809757859443
2017-02-09 12:00:00,12.0,85.46770603587711,-80.4526855068402,251.38809757859443
2017-02-09 13:00:00,16.0,85.46770603587711,-80.4526855068402,251.38809757859443
2017-02-09 14:00:00,16.0,85.46770603587711,-80.4526855068402,251.38809757859443
2017-02-09 15:00:00,14.0,85.46770603587711,-80.4526855068402,251.38809757859443
2017-02-09 16:00:00,13.0,85.46770603587711,-80.4526855068402,251.38809757859443
2017-02-09 17:00:00,10.0,85.46770603587711,-80.4526855068402,251.38809757859443
2017-02-09 18:00:00,13.0,85.46770603587711,-80.4526855068402,251.38809757859443
2017-02-09 19:00:00,15.0,85.46770603587711,-80.4526855068402,251.38809757859443
2017-02-09 20:00:00,15.0,85.46770603587711,-80.4526855068402,251.38809757859443
2017-02-09 21:00:00,15.0,85.46770603587711,-80.4526855068402,251.38809757859443
2017-02-09 22:00:00,12.0,85.46770603587711,-80.4526855068402,251.38809757859443
2017-02-09 23:00:00,12.0,85.46770603587711,-80.4526855068402,251.38809757859443
2017-02-10 00:00:00,12.0,85.46770603587711,-80.4526855068402,251.38809757859443
2017-02-10 01:00:00,11.0,85.46770603587711,-80.4526855068402,251.38809757859443
2017-02-10 02:00:00,12.0,85.46770603587711,-80.4526855068402,251.38809757859443
2017-02-10 03:00:00,16.0,85.46770603587711,-80.4526855068402,251.38809757859443
2017-02-10 04:00:00,13.0,85.46770603587711,-80.4526855068402,251.38809757859443
2017-02-10 05:00:00,11.0,85.46770603587711,-80.4526855068402,251.38809757859443
2017-02-10 06:00:00,14.0,85.46770603587711,-80.4526855068402,251.38809757859443
2017-02-10 07:00:00,10.0,85.46770603587711,-80.4526855068402,251.38809757859443
2017-02-10 08:00:00,11.0,85.46770603587711,-80.4526855068402,251.38809757859443
2017-02-10 09:00:00,10.0,85.46770603587711,-80.4526855068402,251.38809757859443
2017-02-10 10:00:00,11.0,85.46770603587711,-80.4526855068402,251.38809757859443
2017-02-10 11:00:00,9.0,85.46770603587711,-80.4526855068402,251.38809757859443
2017-02-10 12:00:00,13.0,85.46770603587711,-80.4526855068402,251.38809757859443
2017-02-10 13:00:00,13.0,85.46770603587711,-80.4526855068402,251.38809757859443
2017-02-10 14:00:00,13.0,85.46770603587711,-80.4526855068402,251.38809757859443
2017-02-10 15:00:00,13.0,85.46770603587711,-80.4526855068402,251.38809757859443
2017-02-10 16:00:00,13.0,85.46770603587711,-80.4526855068402,251.38809757859443
2017-02-10 17:00:00,12.0,85.46770603587711,-80.4526855068402,251.38809757859443
2017-02-10 18:00:00,10.0,85.46770603587711,-80.4526855068402,251.38809757859443
2017-02-10 19:00:00,15.0,85.46770603587711,-80.4526855068402,251.38809757859443
2017-02-10 20:00:00,17.0,85.46770603587711,-80.4526855068402,251.38809757859443
2017-02-10 21:00:00,18.0,85.46770603587711,-80.4526855068402,251.38809757859443
2017-02-10 22:00:00,20.0,85.46770603587711,-80.4526855068402,251.38809757859443
2017-02-10 23:00:00,20.0,85.46770603587711,-80.4526855068402,251.38809757859443
2017-02-11 00:00:00,23.0,85.46770603587711,-80.4526855068402,251.38809757859443
2017-02-11 01:00:00,17.0,85.46770603587711,-80.4526855068402,251.38809757859443
2017-02-11 02:00:00,20.0,85.46770603587711,-80.4526855068402,251.38809757859443
2017-02-11 03:00:00,22.0,85.46770603587711,-80.4526855068402,251.38809757859443
2017-02-11 04:00:00,20.0,85.46770603587711,-80.4526855068402,251.38809757859443
2017-02-11 05:00:00,20.0,85.46770603587711,-80.4526855068402,251.38809757859443
2017-02-11 06:00:00,19.0,85.46770603587711,-80.4526855068402,251.38809757859443
2017-02-11 07:00:00,19.0,85.46770603587711,-80.4526855068402,251.38809757859443
2017-02-11 08:00:00,22.0,85.46770603587711,-80.4526855068402,251.38809757859443
2017-02-11 09:00:00,25.0,85.46770603587711,-80.4526855068402,251.38809757859443
2017-02-11 10:00:00,26.0,85.46770603587711,-80.4526855068402,251.38809757859443
2017-02-11 11:00:00,31.0,85.46770603587711,-80.4526855068402,251.38809757859443
2017-02-11 12:00:00,21.0,85.46770603587711,-80.4526855068402,251.38809757859443
2017-02-11 13:00:00,18.0,85.46770603587711,-80.4526855068402,251.38809757859443
2017-02-11 14:00:00,17.0,85.46770603587711,-80.4526855068402,251.38809757859443
2017-02-11 15:00:00,17.0,85.46770603587711,-80.4526855068402,251.38809757859443
2017-02-11 16:00:00,22.0,85.46770603587711,-80.4526855068402,251.38809757859443
2017-02-11 17:00:00,45.0,85.46770603587711,-80.4526855068402,251.38809757859443
2017-02-11 18:00:00,59.0,85.46770603587711,-80.4526855068402,251.38809757859443
2017-02-11 19:00:00,75.0,85.46770603587711,-80.4526855068402,251.38809757859443
2017-02-11 20:00:00,110.0,85.46770603587711,-80.4526855068402,251.38809757859443
2017-02-11 21:00:00,168.0,85.46770603587711,-80.4526855068402,251.38809757859443
2017-02-11 22:00:00,245.0,85.46770603587711,-80.4526855068402,251.38809757859443
2017-02-11 23:00:00,377.0,85.46770603587711,-80.4526855068402,251.38809757859443
2017-02-12 00:00:00,303.0,85.46770603587711,-80.4526855068402,251.38809757859443
2017-02-12 01:00:00,250.0,85.46770603587711,-80.4526855068402,251.38809757859443
2017-02-12 02:00:00,266.0,85.46770603587711,-80.4526855068402,251.38809757859443
2017-02-12 03:00:00,189.0,85.46770603587711,-80.4526855068402,251.38809757859443
2017-02-12 04:00:00,107.0,85.46770603587711,-80.4526855068402,251.38809757859443
2017-02-12 05:00:00,82.0,85.46770603587711,-80.4526855068402,251.38809757859443
2017-02-12 06:00:00,58.0,85.46770603587711,-80.4526855068402,251.38809757859443
2017-02-12 07:00:00,78.0,85.46770603587711,-80.4526855068402,251.38809757859443
2017-02-12 08:00:00,154.0,85.46770603587711,-80.4526855068402,251.38809757859443
2017-02-12 09:00:00,135.0,85.46770603587711,-80.4526855068402,251.38809757859443
2017-02-12 10:00:00,136.0,85.46770603587711,-80.4526855068402,251.38809757859443
2017-02-12 11:00:00,152.0,85.46770603587711,-80.4526855068402,251.38809757859443
2017-02-12 12:00:00,157.0,85.46770603587711,-80.4526855068402,251.38809757859443
2017-02-12 13:00:00,148.0,85.46770603587711,-80.4526855068402,251.38809757859443
2017-02-12 14:00:00,153.0,85.46770603587711,-80.4526855068402,251.38809757859443
2017-02-12 15:00:00,142.0,85.46770603587711,-80.4526855068402,251.38809757859443
2017-02-12 16:00:00,127.0,85.46770603587711,-80.4526855068402,251.38809757859443
2017-02-12 17:00:00,118.0,85.46770603587711,-80.4526855068402,251.38809757859443
2017-02-12 18:00:00,128.0,85.46770603587711,-80.4526855068402,251.38809757859443
2017-02-12 19:00:00,134.0,85.46770603587711,-80.4526855068402,251.38809757859443
2017-02-12 20:00:00,124.0,85.46770603587711,-80.4526855068402,251.38809757859443
2017-02-12 21:00:00,147.0,85.46770603587711,-80.4526855068402,251.38809757859443
2017-02-12 22:00:00,155.0,85.46770603587711,-80.4526855068402,251.38809757859443
2017-02-12 23:00:00,157.0,85.46770603587711,-80.4526855068402,251.38809757859443
2017-02-13 00:00:00,162.0,85.46770603587711,-80.4526855068402,251.38809757859443
2017-02-13 01:00:00,161.0,85.46770603587711,-80.4526855068402,251.38809757859443
2017-02-13 02:00:00,209.0,85.46770603587711,-80.4526855068402,251.38809757859443
2017-02-13 03:00:00,212.0,85.46770603587711,-80.4526855068402,251.38809757859443
2017-02-13 04:00:00,202.0,85.46770603587711,-80.4526855068402,251.38809757859443
2017-02-13 05:00:00,159.0,85.46770603587711,-80.4526855068402,251.38809757859443
2017-02-13 06:00:00,106.0,85.46770603587711,-80.4526855068402,251.38809757859443
2017-02-13 07:00:00,110.0,85.46770603587711,-80.4526855068402,251.38809757859443
2017-02-13 08:00:00,108.0,85.46770603587711,-80.4526855068402,251.38809757859443
2017-02-13 09:00:00,79.0,85.46770603587711,-80.4526855068402,251.38809757859443
2017-02-13 10:00:00,58.0,85.46770603587711,-80.4526855068402,251.38809757859443
2017-02-13 11:00:00,48.0,85.46770603587711,-80.4526855068402,251.38809757859443
2017-02-13 12:00:00,30.0,85.46770603587711,-80.4526855068402,251.38809757859443
2017-02-13 13:00:00,20.0,85.46770603587711,-80.4526855068402,251.38809757859443
2017-02-13 14:00:00,20.0,85.46770603587711,-80.4526855068402,251.38809757859443
2017-02-13 15:00:00,26.0,85.46770603587711,-80.4526855068402,251.38809757859443
2017-02-13 16:00:00,23.0,85.46770603587711,-80.4526855068402,251.38809757859443
2017-02-13 17:00:00,26.0,85.46770603587711,-80.4526855068402,251.38809757859443
2017-02-13 18:00:00,28.0,85.46770603587711,-80.4526855068402,251.38809757859443
2017-02-13 19:00:00,59.0,85.46770603587711,-80.4526855068402,251.38809757859443
2017-02-13 20:00:00,113.0,85.46770603587711,-80.4526855068402,251.38809757859443
2017-02-13 21:00:00,120.0,85.46770603587711,-80.4526855068402,251.38809757859443
2017-02-13 22:00:00,178.0,85.46770603587711,-80.4526855068402,251.38809757859443
2017-02-13 23:00:00,181.0,85.46770603587711,-80.4526855068402,251.38809757859443
2017-02-14 00:00:00,138.0,85.46770603587711,-80.4526855068402,251.38809757859443
2017-02-14 01:00:00,118.0,85.46770603587711,-80.4526855068402,251.38809757859443
2017-02-14 02:00:00,153.0,85.46770603587711,-80.4526855068402,251.38809757859443
2017-02-14 03:00:00,158.0,85.46770603587711,-80.4526855068402,251.38809757859443
2017-02-14 04:00:00,155.0,85.46770603587711,-80.4526855068402,251.38809757859443
2017-02-14 05:00:00,151.0,85.46770603587711,-80.4526855068402,251.38809757859443
2017-02-14 06:00:00,139.0,85.46770603587711,-80.4526855068402,251.38809757859443
2017-02-14 07:00:00,136.0,85.46770603587711,-80.4526855068402,251.38809757859443
2017-02-14 08:00:00,145.0,85.46770603587711,-80.4526855068402,251.38809757859443
2017-02-14 09:00:00,145.0,85.46770603587711,-80.4526855068402,251.38809757859443
2017-02-14 10:00:00,168.0,85.46770603587711,-80.4526855068402,251.38809757859443
2017-02-14 11:00:00,193.0,85.46770603587711,-80.4526855068402,251.38809757859443
2017-02-14 12:00:00,218.0,85.46770603587711,-80.4526855068402,251.38809757859443
2017-02-14 13:00:00,3.0,85.46770603587711,-80.4526855068402,251.38809757859443
2017-02-14 14:00:00,3.0,85.46770603587711,-80.4526855068402,251.38809757859443
2017-02-14 15:00:00,3.0,85.46770603587711,-80.4526855068402,251.38809757859443
2017-02-14 16:00:00,169.0,85.46770603587711,-80.4526855068402,251.38809757859443
2017-02-14 17:00:00,227.0,85.46770603587711,-80.4526855068402,251.38809757859443
2017-02-14 18:00:00,216.0,85.46770603587711,-80.4526855068402,251.38809757859443
2017-02-14 19:00:00,219.0,85.46770603587711,-80.4526855068402,251.38809757859443
2017-02-14 20:00:00,228.0,85.46770603587711,-80.4526855068402,251.38809757859443
2017-02-14 21:00:00,248.0,85.46770603587711,-80.4526855068402,251.38809757859443
2017-02-14 22:00:00,245.0,85.46770603587711,-80.4526855068402,251.38809757859443
2017-02-14 23:00:00,259.0,85.46770603587711,-80.4526855068402,251.38809757859443
2017-02-15 00:00:00,277.0,85.46770603587711,-80.4526855068402,251.38809757859443
2017-02-15 01:00:00,278.0,85.46770603587711,-80.4526855068402,251.38809757859443
2017-02-15 02:00:00,258.0,85.46770603587711,-80.4526855068402,251.38809757859443
2017-02-15 03:00:00,251.0,85.46770603587711,-80.4526855068402,251.38809757859443
2017-02-15 04:00:00,247.0,85.46770603587711,-80.4526855068402,251.38809757859443
2017-02-15 05:00:00,256.0,85.46770603587711,-80.4526855068402,251.38809757859443
2017-02-15 06:00:00,254.0,85.46770603587711,-80.4526855068402,251.38809757859443
2017-02-15 07:00:00,238.0,85.46770603587711,-80.4526855068402,251.38809757859443
2017-02-15 08:00:00,240.0,85.46770603587711,-80.4526855068402,251.38809757859443
2017-02-15 09:00:00,248.0,85.46770603587711,-80.4526855068402,251.38809757859443
2017-02-15 10:00:00,256.0,85.46770603587711,-80.4526855068402,251.38809757859443
2017-02-15 11:00:00,265.0,85.46770603587711,-80.4526855068402,251.38809757859443
2017-02-15 12:00:00,260.0,85.46770603587711,-80.4526855068402,251.38809757859443
2017-02-15 13:00:00,3.0,85.46770603587711,-80.4526855068402,251.38809757859443
2017-02-15 14:00:00,3.0,85.46770603587711,-80.4526855068402,251.38809757859443
2017-02-15 15:00:00,3.0,85.46770603587711,-80.4526855068402,251.38809757859443
2017-02-15 16:00:00,3.0,85.46770603587711,-80.4526855068402,251.38809757859443
2017-02-15 17:00:00,206.0,85.46770603587711,-80.4526855068402,251.38809757859443
2017-02-15 18:00:00,262.0,85.46770603587711,-80.4526855068402,251.38809757859443
2017-02-15 19:00:00,264.0,85.46770603587711,-80.4526855068402,251.38809757859443
2017-02-15 20:00:00,280.0,85.46770603587711,-80.4526855068402,251.38809757859443
2017-02-15 21:00:00,284.0,85.46770603587711,-80.4526855068402,251.38809757859443
2017-02-15 22:00:00,282.0,85.46770603587711,-80.4526855068402,251.38809757859443
2017-02-15 23:00:00,274.0,85.46770603587711,-80.4526855068402,251.38809757859443
2017-02-16 00:00:00,263.0,85.46770603587711,-80.4526855068402,251.38809757859443
2017-02-16 01:00:00,266.0,85.46770603587711,-80.4526855068402,251.38809757859443
2017-02-16 02:00:00,277.0,85.46770603587711,-80.4526855068402,251.38809757859443
2017-02-16 03:00:00,275.0,85.46770603587711,-80.4526855068402,251.38809757859443
2017-02-16 04:00:00,278.0,85.46770603587711,-80.4526855068402,251.38809757859443
2017-02-16 05:00:00,268.0,85.46770603587711,-80.4526855068402,251.38809757859443
2017-02-16 06:00:00,273.0,85.46770603587711,-80.4526855068402,251.38809757859443
2017-02-16 07:00:00,265.0,85.46770603587711,-80.4526855068402,251.38809757859443
2017-02-16 08:00:00,209.0,85.46770603587711,-80.4526855068402,251.38809757859443
2017-02-16 09:00:00,157.0,85.46770603587711,-80.4526855068402,251.38809757859443
2017-02-16 10:00:00,105.0,85.46770603587711,-80.4526855068402,251.38809757859443
2017-02-16 11:00:00,30.0,85.46770603587711,-80.4526855068402,251.38809757859443
2017-02-16 12:00:00,17.0,85.46770603587711,-80.4526855068402,251.38809757859443
2017-02-16 13:00:00,16.0,85.46770603587711,-80.4526855068402,251.38809757859443
2017-02-16 14:00:00,18.0,85.46770603587711,-80.4526855068402,251.38809757859443
2017-02-16 15:00:00,15.0,85.46770603587711,-80.4526855068402,251.38809757859443
2017-02-16 16:00:00,12.0,85.46770603587711,-80.4526855068402,251.38809757859443
2017-02-16 17:00:00,13.0,85.46770603587711,-80.4526855068402,251.38809757859443
2017-02-16 18:00:00,14.0,85.46770603587711,-80.4526855068402,251.38809757859443
2017-02-16 19:00:00,13.0,85.46770603587711,-80.4526855068402,251.38809757859443
2017-02-16 20:00:00,14.0,85.46770603587711,-80.4526855068402,251.38809757859443
2017-02-16 21:00:00,9.0,85.46770603587711,-80.4526855068402,251.38809757859443
2017-02-16 22:00:00,7.0,85.46770603587711,-80.4526855068402,251.38809757859443
2017-02-16 23:00:00,8.0,85.46770603587711,-80.4526855068402,251.38809757859443
2017-02-17 00:00:00,6.0,85.46770603587711,-80.4526855068402,251.38809757859443
2017-02-17 01:00:00,7.0,85.46770603587711,-80.4526855068402,251.38809757859443
2017-02-17 02:00:00,7.0,85.46770603587711,-80.4526855068402,251.38809757859443
2017-02-17 03:00:00,6.0,85.46770603587711,-80.4526855068402,251.38809757859443
2017-02-17 04:00:00,7.0,85.46770603587711,-80.4526855068402,251.38809757859443
2017-02-17 05:00:00,10.0,85.46770603587711,-80.4526855068402,251.38809757859443
2017-02-17 06:00:00,10.0,85.46770603587711,-80.4526855068402,251.38809757859443
2017-02-17 07:00:00,6.0,85.46770603587711,-80.4526855068402,251.38809757859443
2017-02-17 08:00:00,8.0,85.46770603587711,-80.4526855068402,251.38809757859443
2017-02-17 09:00:00,8.0,85.46770603587711,-80.4526855068402,251.38809757859443
2017-02-17 10:00:00,6.0,85.46770603587711,-80.4526855068402,251.38809757859443
2017-02-17 11:00:00,5.0,85.46770603587711,-80.4526855068402,251.38809757859443
2017-02-17 12:00:00,8.0,85.46770603587711,-80.4526855068402,251.38809757859443
2017-02-17 13:00:00,3.0,85.46770603587711,-80.4526855068402,251.38809757859443
2017-02-17 14:00:00,4.0,85.46770603587711,-80.4526855068402,251.38809757859443
2017-02-17 15:00:00,6.0,85.46770603587711,-80.4526855068402,251.38809757859443
2017-02-17 16:00:00,18.0,85.46770603587711,-80.4526855068402,251.38809757859443
2017-02-17 17:00:00,41.0,85.46770603587711,-80.4526855068402,251.38809757859443
2017-02-17 18:00:00,50.0,85.46770603587711,-80.4526855068402,251.38809757859443
2017-02-17 19:00:00,69.0,85.46770603587711,-80.4526855068402,251.38809757859443
2017-02-17 20:00:00,67.0,85.46770603587711,-80.4526855068402,251.38809757859443
2017-02-17 21:00:00,63.0,85.46770603587711,-80.4526855068402,251.38809757859443
2017-02-17 22:00:00,63.0,85.46770603587711,-80.4526855068402,251.38809757859443
2017-02-17 23:00:00,61.0,85.46770603587711,-80.4526855068402,251.38809757859443
2017-02-18 00:00:00,61.0,85.46770603587711,-80.4526855068402,251.38809757859443
2017-02-18 01:00:00,70.0,85.46770603587711,-80.4526855068402,251.38809757859443
2017-02-18 02:00:00,90.0,85.46770603587711,-80.4526855068402,251.38809757859443
2017-02-18 03:00:00,102.0,85.46770603587711,-80.4526855068402,251.38809757859443
2017-02-18 04:00:00,123.0,85.46770603587711,-80.4526855068402,251.38809757859443
2017-02-18 05:00:00,87.0,85.46770603587711,-80.4526855068402,251.38809757859443
2017-02-18 06:00:00,81.0,85.46770603587711,-80.4526855068402,251.38809757859443
2017-02-18 07:00:00,79.0,85.46770603587711,-80.4526855068402,251.38809757859443
2017-02-18 08:00:00,80.0,85.46770603587711,-80.4526855068402,251.38809757859443
2017-02-18 09:00:00,76.0,85.46770603587711,-80.4526855068402,251.38809757859443
2017-02-18 10:00:00,89.0,85.46770603587711,-80.4526855068402,251.38809757859443
2017-02-18 11:00:00,103.0,85.46770603587711,-80.4526855068402,251.38809757859443
2017-02-18 12:00:00,94.0,85.46770603587711,-80.4526855068402,251.38809757859443
2017-02-18 13:00:00,93.0,85.46770603587711,-80.4526855068402,251.38809757859443
2017-02-18 14:00:00,102.0,85.46770603587711,-80.4526855068402,251.38809757859443
2017-02-18 15:00:00,94.0,85.46770603587711,-80.4526855068402,251.38809757859443
2017-02-18 16:00:00,96.0,85.46770603587711,-80.4526855068402,251.38809757859443
2017-02-18 17:00:00,76.0,85.46770603587711,-80.4526855068402,251.38809757859443
2017-02-18 18:00:00,63.0,85.46770603587711,-80.4526855068402,251.38809757859443
2017-02-18 19:00:00,71.0,85.46770603587711,-80.4526855068402,251.38809757859443
2017-02-18 20:00:00,92.0,85.46770603587711,-80.4526855068402,251.38809757859443
2017-02-18 21:00:00,117.0,85.46770603587711,-80.4526855068402,251.38809757859443
2017-02-18 22:00:00,111.0,85.46770603587711,-80.4526855068402,251.38809757859443
2017-02-18 23:00:00,125.0,85.46770603587711,-80.4526855068402,251.38809757859443
2017-02-19 00:00:00,133.0,85.46770603587711,-80.4526855068402,251.38809757859443
2017-02-19 01:00:00,137.0,85.46770603587711,-80.4526855068402,251.38809757859443
2017-02-19 02:00:00,147.0,85.46770603587711,-80.4526855068402,251.38809757859443
2017-02-19 03:00:00,158.0,85.46770603587711,-80.4526855068402,251.38809757859443
2017-02-19 04:00:00,168.0,85.46770603587711,-80.4526855068402,251.38809757859443
2017-02-19 05:00:00,169.0,85.46770603587711,-80.4526855068402,251.38809757859443
2017-02-19 06:00:00,170.0,85.46770603587711,-80.4526855068402,251.38809757859443
2017-02-19 07:00:00,166.0,85.46770603587711,-80.4526855068402,251.38809757859443
2017-02-19 08:00:00,160.0,85.46770603587711,-80.4526855068402,251.38809757859443
2017-02-19 09:00:00,155.0,85.46770603587711,-80.4526855068402,251.38809757859443
2017-02-19 10:00:00,166.0,85.46770603587711,-80.4526855068402,251.38809757859443
2017-02-19 11:00:00,170.0,85.46770603587711,-80.4526855068402,251.38809757859443
2017-02-19 12:00:00,175.0,85.46770603587711,-80.4526855068402,251.38809757859443
2017-02-19 13:00:00,177.0,85.46770603587711,-80.4526855068402,251.38809757859443
2017-02-19 14:00:00,153.0,85.46770603587711,-80.4526855068402,251.38809757859443
2017-02-19 15:00:00,73.0,85.46770603587711,-80.4526855068402,251.38809757859443
2017-02-19 16:00:00,15.0,85.46770603587711,-80.4526855068402,251.38809757859443
2017-02-19 17:00:00,13.0,85.46770603587711,-80.4526855068402,251.38809757859443
2017-02-19 18:00:00,8.0,85.46770603587711,-80.4526855068402,251.38809757859443
2017-02-19 19:00:00,14.0,85.46770603587711,-80.4526855068402,251.38809757859443
2017-02-19 20:00:00,15.0,85.46770603587711,-80.4526855068402,251.38809757859443
2017-02-19 21:00:00,10.0,85.46770603587711,-80.4526855068402,251.38809757859443
2017-02-19 22:00:00,10.0,85.46770603587711,-80.4526855068402,251.38809757859443
2017-02-19 23:00:00,4.0,85.46770603587711,-80.4526855068402,251.38809757859443
2017-02-20 00:00:00,5.0,85.46770603587711,-80.4526855068402,251.38809757859443
2017-02-20 01:00:00,6.0,85.46770603587711,-80.4526855068402,251.38809757859443
2017-02-20 02:00:00,9.0,85.46770603587711,-80.4526855068402,251.38809757859443
2017-02-20 03:00:00,13.0,85.46770603587711,-80.4526855068402,251.38809757859443
2017-02-20 04:00:00,5.0,85.46770603587711,-80.4526855068402,251.38809757859443
2017-02-20 05:00:00,3.0,85.46770603587711,-80.4526855068402,251.38809757859443
2017-02-20 06:00:00,4.0,85.46770603587711,-80.4526855068402,251.38809757859443
2017-02-20 07:00:00,3.0,85.46770603587711,-80.4526855068402,251.38809757859443
2017-02-20 08:00:00,6.0,85.46770603587711,-80.4526855068402,251.38809757859443
2017-02-20 09:00:00,8.0,85.46770603587711,-80.4526855068402,251.38809757859443
2017-02-20 10:00:00,3.0,85.46770603587711,-80.4526855068402,251.38809757859443
2017-02-20 11:00:00,4.0,85.46770603587711,-80.4526855068402,251.38809757859443
2017-02-20 12:00:00,8.0,85.46770603587711,-80.4526855068402,251.38809757859443
2017-02-20 13:00:00,10.0,85.46770603587711,-80.4526855068402,251.38809757859443
2017-02-20 14:00:00,8.0,85.46770603587711,-80.4526855068402,251.38809757859443
2017-02-20 15:00:00,7.666666666666667,85.46770603587711,-80.4526855068402,251.38809757859443
2017-02-20 16:00:00,7.333333333333333,85.46770603587711,-80.4526855068402,251.38809757859443
2017-02-20 17:00:00,7.0,85.46770603587711,-80.4526855068402,251.38809757859443
2017-02-20 18:00:00,11.0,85.46770603587711,-80.4526855068402,251.38809757859443
2017-02-20 19:00:00,15.0,85.46770603587711,-80.4526855068402,251.38809757859443
2017-02-20 20:00:00,20.0,85.46770603587711,-80.4526855068402,251.38809757859443
2017-02-20 21:00:00,22.0,85.46770603587711,-80.4526855068402,251.38809757859443
2017-02-20 22:00:00,28.0,85.46770603587711,-80.4526855068402,251.38809757859443
2017-02-20 23:00:00,31.0,85.46770603587711,-80.4526855068402,251.38809757859443
2017-02-21 00:00:00,33.333333333333336,85.46770603587711,-80.4526855068402,251.38809757859443
2017-02-21 01:00:00,35.666666666666664,85.46770603587711,-80.4526855068402,251.38809757859443
2017-02-21 02:00:00,38.0,85.46770603587711,-80.4526855068402,251.38809757859443
2017-02-21 03:00:00,44.0,85.46770603587711,-80.4526855068402,251.38809757859443
2017-02-21 04:00:00,59.0,85.46770603587711,-80.4526855068402,251.38809757859443
2017-02-21 05:00:00,74.0,85.46770603587711,-80.4526855068402,251.38809757859443
2017-02-21 06:00:00,89.0,85.46770603587711,-80.4526855068402,251.38809757859443
2017-02-21 07:00:00,78.66666666666667,85.46770603587711,-80.4526855068402,251.38809757859443
2017-02-21 08:00:00,68.33333333333333,85.46770603587711,-80.4526855068402,251.38809757859443
2017-02-21 09:00:00,58.0,85.46770603587711,-80.4526855068402,251.38809757859443
2017-02-21 10:00:00,56.0,85.46770603587711,-80.4526855068402,251.38809757859443
2017-02-21 11:00:00,58.0,85.46770603587711,-80.4526855068402,251.38809757859443
2017-02-21 12:00:00,60.0,85.46770603587711,-80.4526855068402,251.38809757859443
2017-02-21 13:00:00,53.0,85.46770603587711,-80.4526855068402,251.38809757859443
2017-02-21 14:00:00,46.0,85.46770603587711,-80.4526855068402,251.38809757859443
2017-02-21 15:00:00,36.0,85.46770603587711,-80.4526855068402,251.38809757859443
2017-02-21 16:00:00,32.0,85.46770603587711,-80.4526855068402,251.38809757859443
2017-02-21 17:00:00,25.0,85.46770603587711,-80.4526855068402,251.38809757859443
2017-02-21 18:00:00,32.0,85.46770603587711,-80.4526855068402,251.38809757859443
2017-02-21 19:00:00,40.0,85.46770603587711,-80.4526855068402,251.38809757859443
2017-02-21 20:00:00,66.0,85.46770603587711,-80.4526855068402,251.38809757859443
2017-02-21 21:00:00,70.0,85.46770603587711,-80.4526855068402,251.38809757859443
2017-02-21 22:00:00,53.0,85.46770603587711,-80.4526855068402,251.38809757859443
2017-02-21 23:00:00,68.0,85.46770603587711,-80.4526855068402,251.38809757859443
2017-02-22 00:00:00,69.0,85.46770603587711,-80.4526855068402,251.38809757859443
2017-02-22 01:00:00,70.0,85.46770603587711,-80.4526855068402,251.38809757859443
2017-02-22 02:00:00,84.0,85.46770603587711,-80.4526855068402,251.38809757859443
2017-02-22 03:00:00,89.0,85.46770603587711,-80.4526855068402,251.38809757859443
2017-02-22 04:00:00,94.0,85.46770603587711,-80.4526855068402,251.38809757859443
2017-02-22 05:00:00,97.0,85.46770603587711,-80.4526855068402,251.38809757859443
2017-02-22 06:00:00,98.0,85.46770603587711,-80.4526855068402,251.38809757859443
2017-02-22 07:00:00,96.0,85.46770603587711,-80.4526855068402,251.38809757859443
2017-02-22 08:00:00,106.0,85.46770603587711,-80.4526855068402,251.38809757859443
2017-02-22 09:00:00,115.0,85.46770603587711,-80.4526855068402,251.38809757859443
2017-02-22 10:00:00,129.0,85.46770603587711,-80.4526855068402,251.38809757859443
2017-02-22 11:00:00,127.0,85.46770603587711,-80.4526855068402,251.38809757859443
2017-02-22 12:00:00,133.0,85.46770603587711,-80.4526855068402,251.38809757859443
2017-02-22 13:00:00,136.0,85.46770603587711,-80.4526855068402,251.38809757859443
2017-02-22 14:00:00,128.0,85.46770603587711,-80.4526855068402,251.38809757859443
2017-02-22 15:00:00,127.0,85.46770603587711,-80.4526855068402,251.38809757859443
2017-02-22 16:00:00,87.33333333333334,85.46770603587711,-80.4526855068402,251.38809757859443
2017-02-22 17:00:00,47.66666666666667,85.46770603587711,-80.4526855068402,251.38809757859443
2017-02-22 18:00:00,8.0,85.46770603587711,-80.4526855068402,251.38809757859443
2017-02-22 19:00:00,8.0,85.46770603587711,-80.4526855068402,251.38809757859443
2017-02-22 20:00:00,14.0,85.46770603587711,-80.4526855068402,251.38809757859443
2017-02-22 21:00:00,11.0,85.46770603587711,-80.4526855068402,251.38809757859443
2017-02-22 22:00:00,11.0,85.46770603587711,-80.4526855068402,251.38809757859443
2017-02-22 23:00:00,8.0,85.46770603587711,-80.4526855068402,251.38809757859443
2017-02-23 00:00:00,12.0,85.46770603587711,-80.4526855068402,251.38809757859443
2017-02-23 01:00:00,10.0,85.46770603587711,-80.4526855068402,251.38809757859443
2017-02-23 02:00:00,15.0,85.46770603587711,-80.4526855068402,251.38809757859443
2017-02-23 03:00:00,9.0,85.46770603587711,-80.4526855068402,251.38809757859443
2017-02-23 04:00:00,9.0,85.46770603587711,-80.4526855068402,251.38809757859443
2017-02-23 05:00:00,13.0,85.46770603587711,-80.4526855068402,251.38809757859443
2017-02-23 06:00:00,9.0,85.46770603587711,-80.4526855068402,251.38809757859443
2017-02-23 07:00:00,11.0,85.46770603587711,-80.4526855068402,251.38809757859443
2017-02-23 08:00:00,10.0,85.46770603587711,-80.4526855068402,251.38809757859443
2017-02-23 09:00:00,8.0,85.46770603587711,-80.4526855068402,251.38809757859443
2017-02-23 10:00:00,10.0,85.46770603587711,-80.4526855068402,251.38809757859443
2017-02-23 11:00:00,12.0,85.46770603587711,-80.4526855068402,251.38809757859443
2017-02-23 12:00:00,15.0,85.46770603587711,-80.4526855068402,251.38809757859443
2017-02-23 13:00:00,13.0,85.46770603587711,-80.4526855068402,251.38809757859443
2017-02-23 14:00:00,5.0,85.46770603587711,-80.4526855068402,251.38809757859443
2017-02-23 15:00:00,11.0,85.46770603587711,-80.4526855068402,251.38809757859443
2017-02-23 16:00:00,31.0,85.46770603587711,-80.4526855068402,251.38809757859443
2017-02-23 17:00:00,34.0,85.46770603587711,-80.4526855068402,251.38809757859443
2017-02-23 18:00:00,38.0,85.46770603587711,-80.4526855068402,251.38809757859443
2017-02-23 19:00:00,34.0,85.46770603587711,-80.4526855068402,251.38809757859443
2017-02-23 20:00:00,42.0,85.46770603587711,-80.4526855068402,251.38809757859443
2017-02-23 21:00:00,35.0,85.46770603587711,-80.4526855068402,251.38809757859443
2017-02-23 22:00:00,35.0,85.46770603587711,-80.4526855068402,251.38809757859443
2017-02-23 23:00:00,48.0,85.46770603587711,-80.4526855068402,251.38809757859443
2017-02-24 00:00:00,55.0,85.46770603587711,-80.4526855068402,251.38809757859443
2017-02-24 01:00:00,64.0,85.46770603587711,-80.4526855068402,251.38809757859443
2017-02-24 02:00:00,78.0,85.46770603587711,-80.4526855068402,251.38809757859443
2017-02-24 03:00:00,89.0,85.46770603587711,-80.4526855068402,251.38809757859443
2017-02-24 04:00:00,91.0,85.46770603587711,-80.4526855068402,251.38809757859443
2017-02-24 05:00:00,52.0,85.46770603587711,-80.4526855068402,251.38809757859443
2017-02-24 06:00:00,23.0,85.46770603587711,-80.4526855068402,251.38809757859443
2017-02-24 07:00:00,21.0,85.46770603587711,-80.4526855068402,251.38809757859443
2017-02-24 08:00:00,16.0,85.46770603587711,-80.4526855068402,251.38809757859443
2017-02-24 09:00:00,19.0,85.46770603587711,-80.4526855068402,251.38809757859443
2017-02-24 10:00:00,18.0,85.46770603587711,-80.4526855068402,251.38809757859443
2017-02-24 11:00:00,19.0,85.46770603587711,-80.4526855068402,251.38809757859443
2017-02-24 12:00:00,14.0,85.46770603587711,-80.4526855068402,251.38809757859443
2017-02-24 13:00:00,16.0,85.46770603587711,-80.4526855068402,251.38809757859443
2017-02-24 14:00:00,18.0,85.46770603587711,-80.4526855068402,251.38809757859443
2017-02-24 15:00:00,22.0,85.46770603587711,-80.4526855068402,251.38809757859443
2017-02-24 16:00:00,20.0,85.46770603587711,-80.4526855068402,251.38809757859443
2017-02-24 17:00:00,11.0,85.46770603587711,-80.4526855068402,251.38809757859443
2017-02-24 18:00:00,10.0,85.46770603587711,-80.4526855068402,251.38809757859443
2017-02-24 19:00:00,14.0,85.46770603587711,-80.4526855068402,251.38809757859443
2017-02-24 20:00:00,12.0,85.46770603587711,-80.4526855068402,251.38809757859443
2017-02-24 21:00:00,10.0,85.46770603587711,-80.4526855068402,251.38809757859443
2017-02-24 22:00:00,14.0,85.46770603587711,-80.4526855068402,251.38809757859443
2017-02-24 23:00:00,14.0,85.46770603587711,-80.4526855068402,251.38809757859443
2017-02-25 00:00:00,10.0,85.46770603587711,-80.4526855068402,251.38809757859443
2017-02-25 01:00:00,8.0,85.46770603587711,-80.4526855068402,251.38809757859443
2017-02-25 02:00:00,5.0,85.46770603587711,-80.4526855068402,251.38809757859443
2017-02-25 03:00:00,3.0,85.46770603587711,-80.4526855068402,251.38809757859443
2017-02-25 04:00:00,3.0,85.46770603587711,-80.4526855068402,251.38809757859443
2017-02-25 05:00:00,5.0,85.46770603587711,-80.4526855068402,251.38809757859443
2017-02-25 06:00:00,3.0,85.46770603587711,-80.4526855068402,251.38809757859443
2017-02-25 07:00:00,3.0,85.46770603587711,-80.4526855068402,251.38809757859443
2017-02-25 08:00:00,14.0,85.46770603587711,-80.4526855068402,251.38809757859443
2017-02-25 09:00:00,10.0,85.46770603587711,-80.4526855068402,251.38809757859443
2017-02-25 10:00:00,7.0,85.46770603587711,-80.4526855068402,251.38809757859443
2017-02-25 11:00:00,13.0,85.46770603587711,-80.4526855068402,251.38809757859443
2017-02-25 12:00:00,5.0,85.46770603587711,-80.4526855068402,251.38809757859443
2017-02-25 13:00:00,12.0,85.46770603587711,-80.4526855068402,251.38809757859443
2017-02-25 14:00:00,10.0,85.46770603587711,-80.4526855068402,251.38809757859443
2017-02-25 15:00:00,12.0,85.46770603587711,-80.4526855068402,251.38809757859443
2017-02-25 16:00:00,9.0,85.46770603587711,-80.4526855068402,251.38809757859443
2017-02-25 17:00:00,11.0,85.46770603587711,-80.4526855068402,251.38809757859443
2017-02-25 18:00:00,9.0,85.46770603587711,-80.4526855068402,251.38809757859443
2017-02-25 19:00:00,12.0,85.46770603587711,-80.4526855068402,251.38809757859443
2017-02-25 20:00:00,18.0,85.46770603587711,-80.4526855068402,251.38809757859443
2017-02-25 21:00:00,20.0,85.46770603587711,-80.4526855068402,251.38809757859443
2017-02-25 22:00:00,20.0,85.46770603587711,-80.4526855068402,251.38809757859443
2017-02-25 23:00:00,20.0,85.46770603587711,-80.4526855068402,251.38809757859443
2017-02-26 00:00:00,18.0,85.46770603587711,-80.4526855068402,251.38809757859443
2017-02-26 01:00:00,17.0,85.46770603587711,-80.4526855068402,251.38809757859443
2017-02-26 02:00:00,21.0,85.46770603587711,-80.4526855068402,251.38809757859443
2017-02-26 03:00:00,19.0,85.46770603587711,-80.4526855068402,251.38809757859443
2017-02-26 04:00:00,22.0,85.46770603587711,-80.4526855068402,251.38809757859443
2017-02-26 05:00:00,20.0,85.46770603587711,-80.4526855068402,251.38809757859443
2017-02-26 06:00:00,21.0,85.46770603587711,-80.4526855068402,251.38809757859443
2017-02-26 07:00:00,17.0,85.46770603587711,-80.4526855068402,251.38809757859443
2017-02-26 08:00:00,18.0,85.46770603587711,-80.4526855068402,251.38809757859443
2017-02-26 09:00:00,19.0,85.46770603587711,-80.4526855068402,251.38809757859443
2017-02-26 10:00:00,23.0,85.46770603587711,-80.4526855068402,251.38809757859443
2017-02-26 11:00:00,24.0,85.46770603587711,-80.4526855068402,251.38809757859443
2017-02-26 12:00:00,21.0,85.46770603587711,-80.4526855068402,251.38809757859443
2017-02-26 13:00:00,21.0,85.46770603587711,-80.4526855068402,251.38809757859443
2017-02-26 14:00:00,21.0,85.46770603587711,-80.4526855068402,251.38809757859443
2017-02-26 15:00:00,28.0,85.46770603587711,-80.4526855068402,251.38809757859443
2017-02-26 16:00:00,28.0,85.46770603587711,-80.4526855068402,251.38809757859443
2017-02-26 17:00:00,29.0,85.46770603587711,-80.4526855068402,251.38809757859443
2017-02-26 18:00:00,28.0,85.46770603587711,-80.4526855068402,251.38809757859443
2017-02-26 19:00:00,37.0,85.46770603587711,-80.4526855068402,251.38809757859443
2017-02-26 20:00:00,40.0,85.46770603587711,-80.4526855068402,251.38809757859443
2017-02-26 21:00:00,45.0,85.46770603587711,-80.4526855068402,251.38809757859443
2017-02-26 22:00:00,55.0,85.46770603587711,-80.4526855068402,251.38809757859443
2017-02-26 23:00:00,59.0,85.46770603587711,-80.4526855068402,251.38809757859443
2017-02-27 00:00:00,52.0,85.46770603587711,-80.4526855068402,251.38809757859443
2017-02-27 01:00:00,50.0,85.46770603587711,-80.4526855068402,251.38809757859443
2017-02-27 02:00:00,60.0,85.46770603587711,-80.4526855068402,251.38809757859443
2017-02-27 03:00:00,76.0,85.46770603587711,-80.4526855068402,251.38809757859443
2017-02-27 04:00:00,89.0,85.46770603587711,-80.4526855068402,251.38809757859443
2017-02-27 05:00:00,121.0,85.46770603587711,-80.4526855068402,251.38809757859443
2017-02-27 06:00:00,119.0,85.46770603587711,-80.4526855068402,251.38809757859443
2017-02-27 07:00:00,102.0,85.46770603587711,-80.4526855068402,251.38809757859443
2017-02-27 08:00:00,86.0,85.46770603587711,-80.4526855068402,251.38809757859443
2017-02-27 09:00:00,84.0,85.46770603587711,-80.4526855068402,251.38809757859443
2017-02-27 10:00:00,94.0,85.46770603587711,-80.4526855068402,251.38809757859443
2017-02-27 11:00:00,109.0,85.46770603587711,-80.4526855068402,251.38809757859443
2017-02-27 12:00:00,101.0,85.46770603587711,-80.4526855068402,251.38809757859443
2017-02-27 13:00:00,106.0,85.46770603587711,-80.4526855068402,251.38809757859443
2017-02-27 14:00:00,94.2,85.46770603587711,-80.4526855068402,251.38809757859443
2017-02-27 15:00:00,82.4,85.46770603587711,-80.4526855068402,251.38809757859443
2017-02-27 16:00:00,70.6,85.46770603587711,-80.4526855068402,251.38809757859443
2017-02-27 17:00:00,58.800000000000004,85.46770603587711,-80.4526855068402,251.38809757859443
2017-02-27 18:00:00,47.0,85.46770603587711,-80.4526855068402,251.38809757859443
2017-02-27 19:00:00,48.0,85.46770603587711,-80.4526855068402,251.38809757859443
2017-02-27 20:00:00,58.0,85.46770603587711,-80.4526855068402,251.38809757859443
2017-02-27 21:00:00,56.0,85.46770603587711,-80.4526855068402,251.38809757859443
2017-02-27 22:00:00,58.0,85.46770603587711,-80.4526855068402,251.38809757859443
2017-02-27 23:00:00,65.0,85.46770603587711,-80.4526855068402,251.38809757859443
2017-02-28 00:00:00,73.0,85.46770603587711,-80.4526855068402,251.38809757859443
2017-02-28 01:00:00,31.0,85.46770603587711,-80.4526855068402,251.38809757859443
2017-02-28 02:00:00,11.0,85.46770603587711,-80.4526855068402,251.38809757859443
2017-02-28 03:00:00,11.0,85.46770603587711,-80.4526855068402,251.38809757859443
2017-02-28 04:00:00,14.0,85.46770603587711,-80.4526855068402,251.38809757859443
2017-02-28 05:00:00,10.0,85.46770603587711,-80.4526855068402,251.38809757859443
2017-02-28 06:00:00,12.0,85.46770603587711,-80.4526855068402,251.38809757859443
2017-02-28 07:00:00,10.0,85.46770603587711,-80.4526855068402,251.38809757859443
2017-02-28 08:00:00,13.0,85.46770603587711,-80.4526855068402,251.38809757859443
2017-02-28 09:00:00,8.0,85.46770603587711,-80.4526855068402,251.38809757859443
2017-02-28 10:00:00,11.0,85.46770603587711,-80.4526855068402,251.38809757859443
2017-02-28 11:00:00,11.0,85.46770603587711,-80.4526855068402,251.38809757859443
2017-02-28 12:00:00,5.0,85.46770603587711,-80.4526855068402,251.38809757859443
2017-02-28 13:00:00,9.0,85.46770603587711,-80.4526855068402,251.38809757859443
2017-02-28 14:00:00,7.0,85.46770603587711,-80.4526855068402,251.38809757859443
2017-02-28 15:00:00,8.0,85.46770603587711,-80.4526855068402,251.38809757859443
2017-02-28 16:00:00,9.0,85.46770603587711,-80.4526855068402,251.38809757859443
2017-02-28 17:00:00,12.0,85.46770603587711,-80.4526855068402,251.38809757859443
2017-02-28 18:00:00,13.0,85.46770603587711,-80.4526855068402,251.38809757859443
2017-02-28 19:00:00,16.0,85.46770603587711,-80.4526855068402,251.38809757859443
2017-02-28 20:00:00,18.0,85.46770603587711,-80.4526855068402,251.38809757859443
2017-02-28 21:00:00,23.0,85.46770603587711,-80.4526855068402,251.38809757859443
2017-02-28 22:00:00,23.0,85.46770603587711,-80.4526855068402,251.38809757859443
2017-02-28 23:00:00,30.0,85.46770603587711,-80.4526855068402,251.38809757859443
